Brand,Perusahaan,Bidang Bisnis,Konsep Bisnis,Kisaran Investasi,Alamat,Telepon,Kisaran Investasi ,Bidang Usaha,Konsep Usaha,Investasi
Sabana Fried Chicken,n/a,F&B,BO,"13,75-15jt",Jl. Bromo Blok 6 No.4 Komp Raflesia Jatimakmur Pondok Gede,021-84900735,,,,
Dante Coffee,PT Kurnia Mitra Duta Sentosa,F&B,Franchise,n/a,Kawasan Bangunan Multiguna Blok D5 Jl. MH Thamrin Km7 Paku Alam Serpong Tangerang,021-5398003,,,,
Robota Robotics School,PT Robota Indonesia,Pendidikan,Franchise,171jt,Ruko BHS Jl. DR Rajiman 289/4 Surakarta,0271-74178,,,,
Jumbo Fried Chicken,Jumbo Fried Chicken,Ayam Goreng,BO,55-70jt,Jl. Soekarno Hatta Komp.Ruko Bca No.5B Pasuruan,0343-424112,,,,
Martha Tilaar Salon Day Spa,PT Cantika Puspa Pesona,Salon & Spa,Franchise,"1,5 Milyar",Jl.Pulokambing II No.1 Kawasan Industri Pulogadung - Jakarta,"021-4603717 ext 816,817,819",,,,
Chubby Burger,PT Sacca Prima Axinsindo,F&B,BO,55jt,Jl. Ciawi II No.15 Kebayoran Baru Jakarta Selatan,021-7232873,,,,
Phas Martabak,Phas Martabak,F&B,Franchise,14-85jt,Jl. Cirendeu Raya No.1,021-26328219,,,,
Super Buble,Super Buble,F&B,BO,"2,9-4,9jt",Pesanggrahan Mas JL. Graha 2 RT 003/02 No.75 Petukangan Selatan Jakarta,021-33750861,,,,
Bakso Malang Kota Cak Eko,Bakso Malang Kota Cak Eko,F&B,Franchise,60-120jt,n/a,021-93846527/021-84307897,,,,
Bakso Buntut,CV HWK Media Utama,F&B,BO,Rp. 12jt,Kadin Bandung Business Center Jl. Telaga Bodas No.31 Bandung,022-91930550,,,,
Barokah Solution,PT Satu Jiwa Barokah,"Telekomunikasi, Branding, IT, Event Organizer",BO,100-200jt,Jl.Pondok Mas Setengah No.8 Baros Cimahi,022-91100161,,,,
Campina Scoop Counter,PT Campina Ice Cream Industry,Ice Cream,BO,n/a,Jl. Raya Duri Kosambi No.12 Cengkareng Jakarta,021-5414141,,,,
Beanstock Coffee and Tea,PT Adi Tata Nusindo,Kedai Kopi,BO,195jt,Bina Sentra Abiyasa Lt.4 Suite 404 & 405 Jl. Gatot Subroto Kav 71-73 Pancoran,021-8305611,,,,
Laundry First Cuci Kiloan,Laundry First Cuci Kiloan,Laundry,BO,50jt,Jl.Bendungan Asahan Benhil,021-91655678,,,,
Dawet Cah Banjar,Jawarafizta,Dawet,Franchise,6-40jt,Jl. Perjuangan Ruko Tasbih PP No.9 Medan,061-8211307,,,,
Mie Yamie,Mie Yamie Indonesia,Makanan,Franchise,20jt,Jl. Danau Mahalona D1 No.47 Bendungan Hilir Jakarta,0812-8863793,,,,
Apotek K-24,PT K-24 Indonesia,Apotek,Franchise,700-750jt,Jl.Magelang Karangwaru Kidul PR24 Yogyakarta,0274-542024,,,,
Bakso Iga Sapi,Bakso Iga Sapi,F&B,Franchise,n/a,Jl. Kutisari Selatan 9 No.31 Surabaya,031-8499925/031-71800428,,,,
Bamboo Media,PT bamboomedia Cipta Persada,Software Komputer,BO,5-200jt,Jl.Merdeka NO.45 Denpasar Bali,0361-265521,,,,
Le Monde Baby’s World,PT Lembanindo Tirta Anugrah,Toko Perlengkapan Bayi,Kemitraan,Rp. 400jt-1M,Jl.Radio Dalam Raya No.50 Lt.2 Kebayoran Baru,021-7207622,,,,
Martabak House,Martabak House,Resto/Cafe,BO,150jt,Jl. Seturan (dpn SD Budi Mulya) Sleman Yogyakarta/Jl. Kusuma Wardani No.9-11 Semarang,0274-9237261/024-70117206,,,,
Arumanis Rainbow,Rainbow Company,F&B,Franchise,20jt,Jl. H. Hamid no. 10 Taman Cimanggu - Bogor,0251-37098736,,,,
Warung Bandeng Kapasan Surabaya,Warung Bandeng Kapasan Surabaya,Traditional Food,Franchise,35-125jt,Jl. Kapasari Gembong DKA2/1 Surabaya,031-70130279,,,,
Jamur Crispy,CV HWK Media Utama,F&B,BO,5-7 jt,Kadin Bandung Bisnis Center Jl. Telaga Bodas 31 Bandung,022-91930550,,,,
Jojo Cup,PT Jojo Group Indonesia,Minuman,BO,30-60jt,Jl. Ujung Berung No.163 Bandung,022-70004488/022-7800034,,,,
Ayam Bakar Pondok As Salam,CV Duta Mandiri Indonesia,F/B,n/a,15jt,Jl. Anggrek Raya No.20 Bumi Malaka,081310301665,,,,
Cepy ATL,Cepy ATL,F&B,BO,8-75jt,Jl.Propelat Raya No.1 – Bandung,022-7514450,,,,
Tahu Brintik Crispy,CV Boga Nusa Jaya,F&B,Franchise,6-9jt,Regency Kuda 2 B16 Jl.Jagit Wonokromo Surabaya,031-71618111,,,,
Simply Fresh Laundry,PT Sushand Co Ind,Laundry,Franchise,109-305jt,Jl. Monjali 25 Yogyakarta,0274-6411333,,,,
Akimarts,PT Mulya Armada Sukses,Otomotif,BO,350jt,Jl.Bandengan Selatan No.84ª/10 Jakarta,021-33037108,,,,
Paparon’s Pizza,PT Entertainment International Tbk,F&B,Franchise,n/a,Pondok Pinang Center Blok C46-48 Jl. Ciputat Raya Jakarta 12310,021-75915031,,,,
Baby Jumper Gym,PT Global Medika,Schooling,Lisensi,500jt,Jl.Janur Indah V Blok LA15 No.7 Kelapa Gading Permai,021-4532202,,,,
Master Toner,PT Master Ssentra Nusa Cemerlang,Refill Tinta Toner & Service Komputer,Franchise,50-350jt,Jl.Surya Kencana No.9-10 Pamulang Tangerang Selatan Banten,n/a,,,,
Misterblek Coffee,PT Misterblek Indonesia,Minuman,Franchise,"3,5-150jt",Villa Citra Banjarjati F1/16 Bogor,0251-8910911,,,,
Roti Mariam Jameela,CV Ripras Makmur Abadi,F&B,BO,7 jt,Jl. Dukuh Kumpang Barat 10 No.4 Surabaya,031-71479810,,,,
DMD Saring,PT Sedap Wangi Indonesia,Minuman,BO,"5,5-6,5jt",Jl. Pejambon II No.5 Gambir Jakarta,021-3801820-40,,,,
Julia Jewelery,PT Sumberkreasi Cipta Logam,PErhiasan,Franchise,n/a,Jl.I Gusti Ngurah Rai No.1 Jakarata,021-8199280,,,,
Teh Gopek,PT Teh Gopek Cipta Utama,Teh,BO,n/a,Jl. Kapten Piere Tandean No.5 Slawi,0283-491435,,,,
Jawara Kebab,Jawara Kebab,F&B,BO,10-18jt,Jl. Nyinden Intan Timur Gg.19 Blok A1 No.3 Surabaya,031-71508555,,,,
Bikemart,Taman Nusantara Motor,Distribusi Spare Parts & Variasi Sepeda Motor,Grosir,n/a,Jl.S Parman No.206 Purwokerto 53141,0281-9288866,,,,
Kids2 Success,PT Bina Bunga Bangsa,Education,Lisensi,400jt,Wisma Slipi Suite 11-01 Jl. Let Jend S Parman Kav 12 Jakarta,021-53661980/53661972,,,,
Brainy Mental Arithmetic,Warna Warni Children Center,PEndidikan,Franchise,20jt,Jl.Colombo 8 Samirano Baru Yogyakarta,0274-561089,,,,
Bebek Kapau,Kapau Jaya dan Bumi Lesehan,Rumah Makan,BO,9jt,Jl. Cimacan No.30 Cipanas Cianjur,0857-93831111,,,,
Jari Hitung Cepat Indonesia,Lembaga Bintang Indonesia,Pendidikan,Franchise,10jt,Jl.Raya Bogor Km 40 983 Cibinong - Bogor,021-87916762/32914197,,,,
Laundry First Cuci Kiloan,Laundry First Cuci Kiloan,Laundry,BO,50jt,Jl.Bendungan Asahan Benhil,021-91655678,,,,
Bandeng Segar Cabut Duri Minahasa,CV Tiara Raya,F&B,BO,15jt,"Jl. Bukit Kelapa Sawit II AH-44 Bukit Kencana Jaya, Semarang",024-70544643,,,,
Aning’s Beauty & Health,PT Mahkota Dewa,Kecantikan dan KEsehatan,BO,5-10jt,Jl.Baharu AA No.1 Nyiur Melambai II Rawa Badak Utara Kodja Jakarta Utara,021-4302762,,,,
Nasi Uduk Gondangdia,PT Jelita Kamil Brother,F&B,Franchise,110jt,Cikini IV No.8A Menteng - Jakarta,021-31935131,,,,
Twisterchips,PT Tata Cipta Mega Pelangi,F&B,Franchise,"28.8-48,8jt",Jl. Pangeran Jayakarta No.85A,021-71398831,,,,
Preztissimo Laundry Lab,Preztissimo Laundry Lab,Jasa Peralatan Pakaian,Franchise,175-280jt,Jl.Perumnas Blok A/6C Seturan,0274-8222252,,,,
ASMIDESANTA,Yayasan Pendidikan Karya,Pendidikan,BO,600jt,Jl.Wates 99 Bayeman Yogyakarta,0274-580603,,,,
Martabak House,Martabak House,Resto/Cafe,BO,150jt,Jl. Seturan (dpn SD Budi Mulya) Sleman Yogyakarta/Jl. Kusuma Wardani No.9-11 Semarang,0274-9237261/024-70117206,,,,
Multiplus – Business Center,Multi Inovasi Cemerlang,Business Center,Franchise,n/a,Jl.Jl. Khai Caringan No.28C Jakarta,021-63853199,,,,
Ayam Bakar Pondok As Salam,CV Duta Mandiri Indonesia,F/B,n/a,15jt,Jl. Anggrek Raya No.20 Bumi Malaka,081310301665,,,,
Bebek Goreng Arisan,Bebek Goreng Arisan,F&B,BO,Rp.30jt,Jl. Slamet Riyadi No.93 Kartasura Solo,0271-5898016,,,,
Red Grill,Pt Choice Plus Indonesia,F&B,Franchise,n/a,Jl. Nuri IV/2 Sambengan Manahan Solo,0271-714160,,,,
Alphanet,PT Alpha Multi Media Teknologi,IT,BO,9-13jt,Jl.Raya Jati Asih No.375 Ranting ATM BCA Pemda Jati Asih,021-92699236,,,,
Alfabank,n/a,Pendidikan,Franchise,75-125jt,Jl.Slamet Riyadi 509 Surakarta,0271-723544,,,,
Build Better Communication (BBC English Training Specialist),PT Pertiwi Resources,Pendidikan,Franchise,225jt,Jl.Sunan Sedayu No.12 Rawamangun Jakarta Timur,021-4753601,,,,
Future Kids,PT BSW Gramedia,Pendidikan,Franchise,150-200jt,Jl.Palmerah Barat 33-37 Jakarta,021-71505656,,,,
Maxx By Rudy Hadisuwarno,Maxx by Rudy Hadisuwarno,Kecantikan (salon),Franchise,165jt,Sudirman Park B21-23 KH Mas Mansyur Kav 35 - Jakarta,021-579443705,,,,
I Can Read,PT Bina Literasi Indonesia,Pendidikan,Franchise,300jt,Ruko Sentra Niaga Blok T2 No.15 Jakarta,021-55794630,,,,
Cyber World,Cyberworld Network Indonesia (CNI),Entertainment,BO,A. 1.2-1.6jt B.700-800jt C.350jt,jl. Tanjung Duren Kav. VI no. 542 Jakarta Barat 11470,021-56969999,,,,
Kiddoz School,PT Kiddoz School,Pendidikan Formal,Franchise,200jt,Jl. Jaya Negara No.20 Mojokerto,0321-320418,,,,
Little Annie Yogurt,CV HWK Media Utama,F&B,BO,"8,8-15jt",Kadin Bandung Business Center Jl. Telaga Bodas No.31 Bandung,022-91930550,,,,
Sajadah Ceria,Sajadah Ceria,Sajadah/Kaos Baju Anak,Keagenan,Rp. 500rb,Pondok Manggala A2 No.16 Surabaya,031-7662030,,,,
Teh que dan Segara Tea,CV Amanah Que,F&B,BO,4-6jt,Jl. Praja Dalam E RT12/02 No.45A kebayoran Lama Jakarta,021-97734265/021-92236165,,,,
Tasty Kebab,Tasty kebab,F&B,BO,"7,5-12jt",Kemang sari 3 No.53 Jati Agung 1 Pondok Gede Bekasi,021-98278193,,,,
Pecel Pincuk Madiun Srimping,Pecel Pincuk Madiun Srimping,F&B,BO,20-30jt,Komp. Bulog Yanatera 14 No.28 Jatowarna Pondok Gede Bekasi,021-93846527,,,,
Little Baghdad,PT Little Baghdad Internusa,F&B,BO,n/a,Jl. Kemang 1/72 Jakarta,021-7181944,,,,
Dr - Inkjet,JPG Technology,Inkjet Refill Center,BO,10jt,Jl.Pondok Mas Raya No.12 & 28 Baros Cimahi,022-6629863,,,,
Mie Ayam Abadi Serpong,Mie Ayam Abadi Serpong,F&B,kemitraan,n/a,Jl. Raya Serpong No.5 Jakarta,021-5375935,,,,
Raja Bebek Bakar,Raja Bebek Bakar,"Resto, Rumah Makan dan Warung Kaki Lima",Franchise,10-15jt,Jl. H. Mencong Gg. Ahmad Mo.79 RT02/13 Penggilingan Timur Ciledug Tangerang Banten,021-71097816,,,,
Fresh Binatu,CV Andala Kuat Perkasa,Laundry,Franchise,800jt,Jl.Manyar 64 Surabaya,031-5024070,,,,
Crispy Jameela,CV Ripras Makmur Abadi,F&B,BO,7jt,Jl. Dukuh Kumpang Barat 10 No.4 Surabaya,031-71479810,,,,
Semerbak Coffee,Semerbak Coffee,Kuliner Minuman,BO,7jt,Jl. Nusantara 27 Depok,021-28982853,,,,
IKI OKE,PT Makanan Sehat Nusantara,Seafood Siap Saji,BO,"7,5jt",Gd. Menara Hijau Lt.5 Jl. MT. Haryono Kav 33 Jakarta,021-79186272,,,,
Brown Salon,PT Rudy Hadisuwarno,Salon Kecantikan,Franchise,n/a,Sudirman Park B21-23 Jl. KH Mas Mansyur Kav 35 Jakarta,021-57943705,,,,
Excelso Express,PT Excelso Multi Rasa Waralaba,Kedai kopi,Franchise,"250jt-1,5M",Jl. KH Hasyim Ashari Komp. Roxy Mas Blok C2 No.38-39 Jakarta Barat,021-6326352,,,,
Bakmi Mada,PT. Raos Aneka Pangan,Bakmi,Franchise,Rp.50jt - Rp. 500jt,Jl. Raya Kodam Bintaro Permai No.9R - Tangerang,021-33432008,,,,
Kedai Extra Pedas,Kedai Extra Pedas,F&B,Franchise,40jt,Perum Griya Satria II Blok H12 Kalisari Sumampir Purwokerto,0281-7937228,,,,
Mr. Piss,CV EFFA INDOBOGA,F&B,BO,6jt,Tambak Bayan III No.12 Yogjakarta,0274-489654,,,,
Body Protector,Body Protector,Produsen Jaket Motor,Kemitraan,n/a,Jl.Anggrek Garuda Blok D1 No.19 Kemanggisan Jakarta,021-70920005,,,,
Jolly Time Popcorn,PT Libra Lestari,Makanan,BO,3-15jt,Jl. Raya Srengseng No.8K-L Jakarta Barat 11630,021-58900099,,,,
Bakso Kepala Sapi,PT MM Food and BV,F&B,Franchise,n/a,Mananggal V/4 - Surabaya,031-8283474,,,,
Digitallapan,PT Mampang 8 Cipta Karya,Souvenir Merchandise,BO,75jt,Jl.Mampang Prapatan VIII No.62 Jakarta Selatan,021-79182289,,,,
Century Health Care,PT Century Franchise Utama,Apotek,Franchise,300-400jt,Jl.Limo No.40 Jakarta,021-53676758,,,,
Edam Burger,Edam,F&B,BO,"2,5-100jt",Jl. Malaka Raya No.84 Klender Jakarta Timur,021-86606902,,,,
Malibu 62 Studio,CV Malibu 62 Studio,Foto Studio,Franchise,190jt,Jl.Raya Barat Boulevard Blok LC-7 No.62 Kelapa Gading Jakarta,021-4514723,,,,
Primagama English,PT Lingua Global PRima,Kursus Bahasa Inggris,Kerjasama usaha,270-350jt,"Jl.Godean Km5,6 Demak Jogjakarta",0274-621896,,,,
Bakmi Mada,PT. Raos Aneka Pangan,Bakmi,Franchise,Rp.50jt - Rp. 500jt,Jl. Raya Kodam Bintaro Permai No.9R - Tangerang,021-33432008,,,,
Bakso Malang Cak Tio,Bakso Malang Cak Tio,F&B,BO,n/a,Jl. Veteran Marga Jaya Bekasi No.66 Magrajaya - Bekasi,021-88856037,,,,
Tunas Pelita International,PT Tunas Pelita International,Pendidikan,Franchise,1Milyar,Jl.Karangsari Blok B7 No.64 Pluit Jakarta,021-66695666,,,,
Hot Cwie Mie Malang R Rollies Restaurant,Manajemen Hot Cwie Mie Malang,F&B,Franchise,n/a,Jl. Radar Auri No.11-13 Cibubur Jakarta Timur,021-8732048/49,,,,
Super Kids,PT Eka Kolese Indonesia Australia,Preschool,Network,60jt,Jl.Kemang Timur No.90 Jakarta Selatan,021-71792880,,,,
Bakmi Margonda,Bakmi Margonda,Restaurant,Bagi Hasil,100jt,Jl. Margonda Raya No.342,021-78886544,,,,
ILP,PT Intisari Langkah Positif,Pendidikan,Franchise,"700jt-1,2M",Jl.Raya Pasar Minggu No.39ª Jakarta Selatan,021-79192906/021-7905210,,,,
Global Art Indonesia,PT Global Indonesia astistika Tunggal,Pendidikan Kreativitas Lukis Anak,Franchise,350-500jt,Karawaci Office Park Blok M Mo.17,021-55794630,,,,
Bobby Steak,PT Sushantco Indonesia,F&B,Franchise,207-347jt,Jl. Tanjung Duren Utara No.464 Grogol Petamburan – Jakarta,021-5670081,,,,
Red Ginger Corner,Tri Argo Sukses,F&B,BO,5jt,Ruko Taman Semanan Indah Blok A1 No.1 Duri Kosambi Cengkareng,012-54382775/33086966,,,,
IEXP,Inter Expedisi,Business Service,Franchise,35jt,Gd. Perkantoran Pulomas I G2 Lt.3 Jl. A.Yani No.2 Jakarta,021-47869376,,,,
D’Afas,CV Mulya Lestari,Konveksi Pakaian,Agen,Rp. 30jt,Jl.Garuda Raya Kav C 115 Komp. Pajak Jurangmangu Timur Tangerang,021-73440907,,,,
Leha-leha Pusat Kecantikan,PT Kreasi Sarana Rekatama,Klinik Kecantikan/Spa Salon,Franchise,910jt,Ruko Perkantodan Ruko Bumi Satria Kencana Blok B NO.1 Jl. Raya Kalimalang Bekasi,021-88952042,,,,
Coldwell Banker Property,Citra Bangun Property,Property,Franchise,Rp. 400jt - Rp. 500jt,Kawasan Bisnis Granadha 12B Floor Jl. Jend. Sudirman Kav 5C Plaza semanggi Gd. Veteran Jakarta,021-25539388,,,,
Belvida Kebab,Belvida Kebab,F&B,BO,Rp.30jt,Taman Alfa Indah Blok B4 No.15 Joglo Kembangan Jakarta Barat,021-5852740,,,,
Apple Tree Preschool,Apple Tree Preschool,Pendidikan,Franchise,2M,Jl. Muara Karang Blok I1 Selatan No.26-28 Jakarta,021-6617674,,,,
Rice bowl,PT Ricebowl Indonesia,F&B,Franchise,"1,3M",Ruko Mediterania Kebon Jeruk Jl. Meruya Ilir No.10 jakarta,021-58902665,,,,
Bakso Keju,PT Bakso Keju Malang,F&B,Franchise,30-35jt,Jl.Lokon No.4 - Malang,0812-3239725,,,,
Soyanatura,CV Soyanatura,n/a,BO,n/a,Jl. Paingan III/999 Manguwoharjo Depok Sleman Yogyakarta,0274-9210111/7420911,,,,
Tela Kremez,CV Angling Dharma Indonesia,Makanan,Franchise,"3-3,5jt",Ds. Bekel RT04/01 Kec. Perj. Jombang,0321-6218233,,,,
BurgerQu,CV Allino Group,F&B,BO,"5,8 – 24,8jt",Denikerto RT.01/07 Saniharjo Ngalik Selman Yogyakarta,0274-7145900,,,,
Mr Tacoz,CV Wirafood Nusantara,Kuliner Mexico,BO,25-35jt,Unimas Garden Regency Blok D No.10 Sidoarjo,031-8534179,,,,
Mini Cafe Ellina Resto,CV Ellino Group,F&B,BO,55jt,Deni Kerto RT01/07 Saroharjo ngalik Sleman Jogyakarta,0274-7145900,,,,
Dr - Inkjet,JPG Technology,Inkjet Refill Center,BO,10jt,Jl.Pondok Mas Raya No.12 & 28 Baros Cimahi,022-6629863,,,,
Teh que dan Segara Tea,CV Amanah Que,F&B,BO,4-6jt,Jl. Praja Dalam E RT12/02 No.45A kebayoran Lama Jakarta,021-97734265/021-92236165,,,,
The Ivy League,The Ivy League,Pendidikan,Perorangan,60jt,Caveworth Hotel Building Lt.4 Jl. Fatmawati No.74,021-7236134,,,,
Kaisa Rossie Perjalanan Wisata,Kaisa Rossie Perjalanan Wisata,Travel,Franchise,n/a,Jl.Cendrawasih No.17 C-D Semarang,024-3559678,,,,
Teh Gopek,PT Teh Gopek Cipta Utama,Teh,BO,n/a,Jl. Kapten Piere Tandean No.5 Slawi,0283-491435,,,,
Macaroni Panggang,CV Boga Nusa Jaya,F&B,Franchise,50-75jt,Regency Kuda 2 B16 Jagit Wonokromo Surabaya,031-71618111,,,,
Ajib Burger & Kebab,CV Mara Surya Persada,F&B,Franchise,Rp. 17jt - Rp. 25jt,Jl. Makan Panjang no.44 Desa Lemahabang Kulon Kec.Lemahabang Keb.Cirebon,0231-638179,,,,
Taruna Nusantara Motor,Dian Automach,Auto,Franchise,50-250jt,Jl.Raya Larangan Barat Brebes,0281-621505,,,,
Spahelm,CV Yeskarya Indonesia,Otomotif,BO,"21,5jt",Jl.Bougenville Raya No.55 Perum Bumi Raya Tembaga Bekasi,021-37351700,,,,
Singkong Keju Katrocker,PT Karunia,Makanan,Franchise,10-20jt,Jl. Pahlawan No.8A Banjarmasin,0511-7640737,,,,
Kedai Digital,CV Kedai Kreasi Digital,Digital Printing,BO,n/a,Jl.Gambir NO.6 Deresan Yogyakarta,0274-7480080,,,,
Speed Mandarin,PT I Tutor Net Indonesia,Pendidikan,Lisensi,50-100jt,Jl.Raya Duri Kosambi 168H Cengkareng Jakarta,021-5453235/5453236,,,,
Good Tea – Teh Hijau & Melati,CV Putra Thienshabian,tea,Franchise,"4,5-8,5jt",Jl. Meruyung Raya No.35 Limo - Depok,021-77881463,,,,
Miss Strawberry,PT ANVIC Multi Food,Minuman,Kemitraan,10-18jt,Jl. Kelingkip Permai Blok C No.6 Jakarta,021-92666888,,,,
Apotek Riani,PT Centro Global Asia,Apotek,Franchise,150-450jt,Jl.Putri Tunggal No.5 Cibubur,021-87755059,,,,
Yomart,PT Mitra Yomart Sejati,Retail Minimarket,Franchise,150-450jt,Jl.Jakarta 53 Bandung,022-7230927,,,,
Mie Ayam Abadi Serpong,Mie Ayam Abadi Serpong,F&B,kemitraan,n/a,Jl. Raya Serpong No.5 Jakarta,021-5375935,,,,
Es Madu Afia,Es Madu Afia,Minuman,Franchise,"5,6-5,9jt",Jl.KH Agus Salim No.32 Lawean - Solo,0271-7044839,,,,
Data Print,PT Sumber Harapan Abadi,Refill Tinta,Franchise,n/a,Jl.Garuda No.12 Kemayoran Jakarta,021-4260111,,,,
Siomay Menteng,Siomay Menteng,F&B,BO,5-6jt,Pertokoan Pulo Mas Blok 5 No.3 Jl. Perintis Kemerdekaan Jaktim,021-32324267,,,,
My Bento,CV My Bento,F&B,BO,22-35jt,Jl. H Ung RT007/03 No.?23 Kemayoran Jakarta Pusat,021-4224703,,,,
Sop Ikan Batam,PT Sop Ikan Batam,F&B,Franchise,100jt,Jl. Boulevard Raya Ruko Incoval Blok B No.7-8 lt.4,021-45851072,,,,
Eco Printlution,PT EPL,Printing,BO,n/a,Jl.Ngagel Madya I No.21,031-5016088,,,,
Sweets & Sour Shaved Ice,Sweets & Sour Shaved Ice,F&B,Franchise,25-100jt,Komp. Green Garden H2 No.11 Jakarta,021-5822076,,,,
Cozi & Friends,Cozi & Friends,F&B,Franchise,30-150jt,Mall Ciputra Lt.IV Unit 38-39 Jl. Arteri S. Parman Tanjung Duren Utara Grogol - Jakarta,021-5631781,,,,
Soto Gebrak Cak Anton,Soto Gebrak Cak Anton,F&B,Franchise,n/a,Taman Setiabudi Depan SMA 3 Jakarta,021-5251975,,,,
Ice Berry,PT Izzati Kita Indonesia,Juice,Franchise,5jt,Perum Bojong Depok Baru II Blok CU No.3 Cibinong,021-8756041,,,,
Terang Bulan Mini Hallaland,UKM koe,Makanan,BO,4.5-18jt,Jl. Sidoarjo Briasangrana No.6,031-71170599/031-83434951,,,,
Krisana Tea House,Krisana Tea House,F&B,Franchise,"5,5-15jt",Jl.GM Situt No.58 Singkawang Kalimantan Barat,0562-631497,,,,
De-Excellence,De-Excellence,Bimbel,BO,400jt,Jl.Sangkuriang No.79 Cimahi,022-6626911,,,,
Mindlab Indonesia,Rammel Indo,Jasa Pendidikan,Franchise,230jt,Jl.Arteri Pondok Indah No.8G Sebelah Bank Ekonomi,021-7258151,,,,
Pota-Potatos,CV Pioni Adya Group,Kentang,Franchise,5jt,Jl. Jinggakartika Kulon No.18 Bandung,022-92699771,,,,
Star Bandrek,PT Liza Herbal International,F&B,Agen,n/a,Jl. Arzimar 3 No.43 Bogor,0251-8350056,,,,
Soyanatura,CV Soyanatura,n/a,BO,n/a,Jl. Paingan III/999 Manguwoharjo Depok Sleman Yogyakarta,0274-9210111/7420911,,,,
Ruthesal Herbs & Spa,Ruthesal Herbs & Spa,Kesehatan,BO,N/A,Jl.Perum Karang Jati Indah II Blok A No.7 Bantul Yogyakarta,0274-413330,,,,
Gw Guyur,PT Pratama Karya Sejahtera Mandiri,Motor Salon,BO & Lisensi,n/a,Jl.Warung Jati Barat No.14 Jakarta,021-7803143,,,,
Murah Motor,Murah Motor,Toko & Bengkel Sepeda,BO,60jt,Jl.Raya Ungaran Gunungpat KM 2 Kab. Semarang,024-70787334,,,,
Super Bento & Super Bakso,PT Raja Bakso Mas Mandiri,F&B,Franchise,30jt,Jl. Kelinci Raya No.23 Jakarta Pusat,021-3521378,,,,
Bebek & Ayam Goreng Pak Ndut,Bebek & Ayam Goreng Pak Ndut,F&B,Franchise,135-300jt,"Jl. Slamet Riyadi No.159 Kartasura Sukoharjo, Jateng",0271-782466,,,,
Mie Ayam Solo Kinasih,Komunitas Bangun Mandiri,Makanan,Mitralaba-Mitrakelola,"5,67jt",Jl. Cempaka Putih Barat IID No.8B Cempaka Putih Jakarta Pusat,021-94972767,,,,
Parpica Arena Bermain Keluarga,PT Adimas Tristar Abadi,Entertainment,BO,n/a,Pusat Grosir Cililitan (PGC-2) Lt.3A no.630 Jl. Mayjen Sutoyo no.76 Jakarta,021-30019800,,,,
Nata Tours,PT Nata Bersama Tour & Travel,Travel,Franchise,Rp. 150jt,Jl.Otista Raya No.82 Jakarta,021-8584727,,,,
Soto Gebrak Cak Anton,Soto Gebrak Cak Anton,F&B,Franchise,n/a,Taman Setiabudi Depan SMA 3 Jakarta,021-5251975,,,,
Teh Sofia,Tofuku Mitra Indonesia,Minuman,BO,5jt,Wonorejo Indah Timur 7-1A Surabaya,031-8792341,,,,
MK Express,PT Megantara Kargo,Jasa Kurir,Franchise,25jt,Jl.Pintu I Senayan Blok B 2nd F1 Room 23. Jakarta,021-70919914,,,,
Teh 16 (Rasa Buah),CV Sukses Group,Minuman,BO,"2,9-6jt",Jl. AR Hakim –Mulya No.1 MEdan,061-7364324,,,,
Rumah Dannis,Rumah Dannis,Fashion Retail,Keagenan,Rp. n/a,Ruko Galaxi Bumi Permai Blok J1 No.25 Surabaya,031-5923375/031-70095283,,,,
Holcim,PT Holcim Indonesia,Pusat Pelayanan untuk Membangun Rumah,Franchise,Rp. n/a,Menara Jamsostek Lt.14 Menara Utara Jl. Jend. Gatot Subroto Kav.38 Jakarta,021-52962011,,,,
Dobbi Burger & Fried Chicken,PT Dobbi Mulia Sejahtera,Fast Food Resto Management,Franchise,170-400jt,Ruko Citra Blok A1 Ring Road Utara Gandok Sleman Yogyakarta,0274-6411600,,,,
Same Same Clothing,Same Same Clothing,Distro,BO,Rp. 30jt,Jl.Banyak Endah No.17 Kota Baru Parahyangan Bandung,0818-809692/0818-208344,,,,
Sweet Purple,Giri Mulia,Makanan & Minuman Olahan Ubi Jalar,BO,20-100jt,Pusat Jajanan K IX bintaro Sektor IX,021-74700001,,,,
Cuci Helm Klin & Fresh,CV Tri Karya Mandiri,Mesin Cuci Helm,Kemitraan,"13,5jt",Jl.Letjen Sarbini No.2A Bekasi,021-99619471/95611567/93830875,,,,
Alfamart,PT Sumber Alfaria Trijaya,Retail Minimarket,Franchise,n/a,Jl.MH Thamrin No.9 Cikokol Tangerang,021-55755966,,,,
Lebanese Kebab,Lebanese Kebab,F&B,BO,15-35jt,Jl. Gampit 1 Pondok Gede Jatiwaringin,021-84971542,,,,
Ice Berry,PT Izzati Kita Indonesia,Juice,Franchise,5jt,Perum Bojong Depok Baru II Blok CU No.3 Cibinong,021-8756041,,,,
Susu Oke,UD Suka Cita,Milk Station,BO,Rp. 200jt,Jl.Baru Teluk Betung No.19 Bekasi Barat,021-88962687,,,,
Bikemart,Taman Nusantara Motor,Distribusi Spare Parts & Variasi Sepeda Motor,Grosir,n/a,Jl.S Parman No.206 Purwokerto 53141,0281-9288866,,,,
Balon Udara,Balon Udara Franchise Shop,F&B,Franchise,n/a,Jl. Dr Makaliwe I/9 grogol Jakarta Barat 11450,021-5636838,,,,
Justmine Pisang Ijo,CV Ezka Diga Pratama,F&B,Franchise,10-55jt,Ruko Metro Indah Mall Jl. Soekarno Hatta Blk C No.6 Bandung,022-777868855/77,,,,
Nasi D’Bakar Ala Sari Roso,CV Agung Samapta Indonesia,F&B,BO,15-88jt,Jl. Keputih Permai 1 No.3 Sukolilo Surabaya,031-72750919,,,,
Mr Kinclong,CV Karunia Sang Pencipta,Laundry,BO,35jt,Solo,0271-5862002,,,,
Healthy Helm,Healthy Helm,Laundry,BO,n/a,Jl.Fatmawati Raya Ruko Fatmawati Mas No.112 Jakarta,021-99995808,,,,
Hara Crepes,CV Java Meia Food,F&B,Franchise,7-8jt,Taman Royal I Jl. Mahoni 11 Tanah Tinggi Tangerang banten,021-91347774,,,,
Fast Clean Helmet,PT Miracle Arthavest Brokerage,Jasa Laundy helm,Franchise,"2,5jt",Jl.H. Juanda No.99 Arteri Depok,021-91214198,,,,
Bakso Kepala Sapi,PT MM Food and BV,F&B,Franchise,n/a,Mananggal V/4 - Surabaya,031-8283474,,,,
Blueray Shop,Blueray Technology,Elektronik,Mitra,15-29jt,Jl.Ruko Mangga Dua Square Blok E30 Jl. Gunung Sahari Raya,021-62318488,,,,
Bakmi GILA,Bakmi GILA,Restoran,Franchise,125jt,Ruko Pesona Khayangan Mungil Blok A No.12 Jl. Terusan Sentosa Raya - Depok,021-83920077,,,,
FOX,PT Putra Dwi Mukti,Penjualan Sepatu Hujan,BO,Rp. 30-50jt,Jl.Cikuputera 115A Bandung,022-2504666,,,,
CV Kubus,CV Agni Biru,Internet & Games Online,Franchise,Rp. 250jt,Jl.Setiabudi No.206C Bandung,022-2041190,,,,
Top Voucher Hotel,Top Tours & Travel,Jasa,Franchise,,Jl.Rajawali 185 Rewin-Waru Sidoarjo,031-8662785/031-71375051,"Rp. 7,5jt",,,
Warung Bakso Mandiri,PT Nugroho Ardanareswari,F&B,BO,7jt,Jl. Kebon Pedes No.58 Bogor,0251-8376809,,,,
De Boliva,PT Boliva,F&B,Franchise,100-600jt,Jl. Dharmahusada Utara I/6 Surabaya,031-5963202,,,,
NAD’S Kebab & Sisha Crepes,NAD’S Kebab & Sisha Crepes,Makanan,Kemitraan,"7,5-10jt",Jl. Aksi No.21 Kyai Mas Mansyur Tanah Abang - Jakarta,n/a,,,,
Martabak Alim,Martabak Alim,F&B,Franchise,125jt,Villa Nusa Indah Blok T6 No.1 Bekasi,021-82400147,,,,
Anis Bakery,CV. Netsia,F&B,Franchise,60jt,Jl. Langsep Raya no.32 Jember Jawa Timur,0331-427085,,,,
Royal Crepes,CV Tiga Bintang Sejati,Crepes,Franchise,"6,5-12jt",Jl. Taman Holif Indah F3 No.4 Bandung,022-6070481,,,,
Mandiri Tour & Travel,PT Taufan Bagus Mandiri,Travel,BO,,Jl.RS Sukanto No.45 Duren Sawit Jakarta,021-86612596/98,n/a,,,
Pothat,CV Brahmansa Indonesia,Minuman teh Herbal,BO,"7,5jt",Metrotrade Center Kav B.36 J/ Soekarno-Hatta 590 Bandung,022-91333406,,,,
Taruna Nusantara Motor,Dian Automach,Auto,Franchise,50-250jt,Jl.Raya Larangan Barat Brebes,0281-621505,,,,
Kedai Sambal,CV Kedai Sambal,F&B,BO,10-35jt,Dukuh Kupang 25 No.38 Surabaya,031-5615285,,,,
Edola Burger,Edola Burger,F&B,Franchise,"4,5jt",Jl. Malaka Raya No.8 Perumnas Klender Jakarta Timur,021-98119207,,,,
Lick Me,PT Synergy Kinetics Indonesia,F&B,Franchise,n/a,Sampoerna Strategic Square Tower B19/7 Jl. Jend. Sudirman kav 45-47 Jakarta,021-5750420/6245094,,,,
Campina Scoop Counter,PT Campina Ice Cream Industry,Ice Cream,BO,n/a,Jl. Raya Duri Kosambi No.12 Cengkareng Jakarta,021-5414141,,,,
Mini Cafe Ellina Resto,CV Ellino Group,F&B,BO,55jt,Deni Kerto RT01/07 Saroharjo ngalik Sleman Jogyakarta,0274-7145900,,,,
TIKI,CV Titipan Kilat,Jasa Pengiriman,Agen,n/a,Jl.Tomang Raya No.11 Jakarta,021-5665262,,,,
Carroza,Sumara Cemerlang,Manufacturing,Franchise,138jt,Jl.Nusantara Timur Kav D45 Sunter Jakarta,021-65832211,,,,
Photo n Print,Photo n Print,"Studio Box, Photo Box, Photo Kios",BO,n/a,Jl.Hi-tech Mall Lantai I/B 21 Kusuma Bangsa 116-118 Surabaya,031-5467456/031-5016088,,,,
LP3I Course Center,PT Lentera Pendidikan & Pengembangan Profesi Indonesia,Pendidikan,Franchise,500-750jt,Gedung Sentra Kramat Blok B5 Jl.Kramat Raya No.7-9 Jakarta,021-3902873,,,,
Global Phone,PT Global Media Inforindo,IT dan Komunikasi,Franchise,110jt,Jl.Rukan Plais De Paris Jl. Boulevard Raya Blok H No.16 Cikarang,021-89971827,,,,
Sop Ikan Batam,PT Sop Ikan Batam,F&B,Franchise,100jt,Jl. Boulevard Raya Ruko Incoval Blok B No.7-8 lt.4,021-45851072,,,,
Cireng Isi Kodjo,CV Sakura Kreasi Mandiri,Perdagangan Umum,BO,"1,5-10jt",Jl.Paledang No.77a Bandung,022-91686130,,,,
Salmah Salon Muslimah,Salmah Salon Muslimah,Kesehatan,BO,n/a,"Ruko Salmah, Jl. Tole Iskandar 37B - Depok",021-77822506,,,,
Martabak Bangka Yanto,Martabak Bangka Yanto,F&B,Kemitraan,n/a,Jl. Pulogebang RT04/04 No.34 Cakung Jakarta,021-96769990,,,,
Klender Burger,PT Global Sera Lestari,F&B,BO,80jt,Jl. Buaran Raya Taman Buaran Indah No.19 Klender Jakarta,021-8620886,,,,
Healthy Helm,Healthy Helm,Laundry,BO,n/a,Jl.Fatmawati Raya Ruko Fatmawati Mas No.112 Jakarta,021-99995808,,,,
Pelangi Bakmi,Pelangi Bakmi,F&B,BO,n/a,Jl. Malaka Baru No.4A Pondok Kopi - Jakarta,021-8602255,,,,
Annabella Indonesia,Annabella Indonesia,Kecantikan,BO,80-90jt,Puri Kencana Timur No.47 Jakarta,021-80740061,,,,
Mie Yamie,Mie Yamie Indonesia,Makanan,Franchise,20jt,Jl. Danau Mahalona D1 No.47 Bendungan Hilir Jakarta,0812-8863793,,,,
Otto Bento,n/a,Makanan,BO,"9,8-250jt",Griya Bogor Raya Blok 57 No.3A,0251-8359539,,,,
Pisang Ijo Aladin,CV Erri & Partners,Makanan Pisang kopi rasa buah,BO,6jt,Jl. Cibodas Baru No.13 antapani - Bandung,022-92718835,,,,
Holcim,PT Holcim Indonesia,Pusat Pelayanan untuk Membangun Rumah,Franchise,Rp. n/a,Menara Jamsostek Lt.14 Menara Utara Jl. Jend. Gatot Subroto Kav.38 Jakarta,021-52962011,,,,
Kebab Madina,Kebab Madina,Makanan,BO,10-25jt,Perum Pesona Salsabila Blok F1 Jl. Wates KM9 Parengdawe Balecatur Gamping asleman Yogyakarta,0274-6648661,,,,
Tahu Bulat Tunk & Mendoan,CV HWK Media Utama,F&B,BO,"7,5jt",Jl.Ciumbuleuit No.73 Bandung,022-91930550,,,,
Kincling & Gesit Laundry Kiloan,PT Mandiri,Laundry,BO,80jt,Karawang Barat,0267-8455033,,,,
Beef Rush,PT Konsep Citra Rasa Nusantara,F&B,BO,3 Milyar,Taman Duta Mas Blok B8 No.5 Jelambar - Jakarta,021-5675255,,,,
Black Canyon Coffee Indonesia,PT Boga Citra Cemerlang,Resto & Cafe,Franchise,"2,5 Milyar",Jl. Danau Bratan Raya No.12 Taman Griya Jimbaran Bali,0361-7807929,,,,
Parpica Arena Bermain Keluarga,PT Adimas Tristar Abadi,Entertainment,BO,n/a,Pusat Grosir Cililitan (PGC-2) Lt.3A no.630 Jl. Mayjen Sutoyo no.76 Jakarta,021-30019800,,,,
Sinergi Aerobic & Fitness Center,PT Sinergi Fitness Indonesia,Kesehatan,BO,"99,8jt",Jl.Tendean Plaza Jl. Kapten Tendean No.45 Mampang,021-68101143,,,,
Net Ezy,PT Net Ezy Internasional,Internet Café & Game Station,Franchise,300jt,Komp. Gajah Mada Mediterania Blok D16 Lt.3 Jl. Gajah Mada 17Y Jakarta,021-6336880,,,,
Salon Johnny Andrean,Salon Johnny Andrean,Kecantikan,Franchise,N/A,Jl.Jl. Meruya Selatan No.66 Jakarta,021-5859545,,,,
Roti Boy,PT Roti Boy Bakes Indonesia,F&B,Franchise,n/a,Mall Taman Anggrek Ground Floor E1 Jl. S. Parman Jakarta,021-5639993,,,,
Jari Pintar Aritmatika,CV Jari Pintar Indonesia,Pendidikan,Franchise,n/a,Jl.Bratasena IV BC1/17 Reni Jaya Pamulang Tangerang Selatan,021-71329050/021-92158466,,,,
Photo n Print,Photo n Print,"Studio Box, Photo Box, Photo Kios",BO,n/a,Jl.Hi-tech Mall Lantai I/B 21 Kusuma Bangsa 116-118 Surabaya,031-5467456/031-5016088,,,,
Nasi Bakar Ku Suka,CV Indo Nusantara,F&B,BO,7jt,Jl. Ki Hajar Dewantara 12D Jombang Jawa Timur,N/A,,,,
Direct English,PT Pasific Educom,Pendidikan,Franchise,n/a,World Trade Center 10th Floor Jl. Jend Sudirman kav 29-31 Jakarta,021-5371163,,,,
Alphanet,PT Alpha Multi Media Teknologi,IT,BO,9-13jt,Jl.Raya Jati Asih No.375 Ranting ATM BCA Pemda Jati Asih,021-92699236,,,,
Sheik Kebab,Sheik KEbab,F&B,BO,"27,5-65jt",Jl. Karang Tengah 1 No.4A Lebak Bulus Jakarta,021-94374345,,,,
Daily Bread Bakery Cake,PT Adirasa Selaras Abadi,F&B,Franchise,n/a,Jl. Lintang Raya Blok E No.6 Kawasan Industri Sentul atauPlaza Golden Fatmawati E.32 Jl. RS Fatmawati No.15,021-87914490,,,,
Dawet Cah Banjar,Jawarafizta,Dawet,Franchise,6-40jt,Jl. Perjuangan Ruko Tasbih PP No.9 Medan,061-8211307,,,,
Bakmi-Mie Kita,PT System Waralaba Bakmie Mie Kita,F&B,Franchise,Rp.77jt-215jt,Jl. Teratai 12 Blok D.20 No.2ª Perum Taman Cibodas - tangerang,021-98213194,,,,
Porvous,PT Adila Imperium,Kecantikan,Franchise,200jt,Jl.Galaksi Bumi Permai No.23A Surabaya,031-72313919,,,,
Bridal Johnny Andrean,Bridal Johnny Andrean,Fashion,Franchise,n/a,Jl.Meruya selatan No.66 Surabaya,021-5859545,,,,
Citra,CV Citra Asri Karya Mandiri,Retail Counter HP,BO,Rp. 2 jt,Jl.KH Hasyim Ashari No.1 Laterban Nganjuk Jawa Timur,0358-554146,,,,
Jamur Crispy,CV HWK Media Utama,F&B,BO,5-7 jt,Kadin Bandung Bisnis Center Jl. Telaga Bodas 31 Bandung,022-91930550,,,,
Bakso Sehat Atom,CV Atom Indonesia,Bakso,Kemitraan,30jt,Jl. Ir H Juanda No.1 Ciputat,021-70913966,,,,
GAFA,GAFA,Kursus Baca Tulis,Kemitraan,33 jt,Jl.Tebet Barat Dalam No.76ª Tebet Jakarta,021-83705977,,,,
Krisana Tea House,Krisana Tea House,F&B,Franchise,"5,5-15jt",Jl.GM Situt No.58 Singkawang Kalimantan Barat,0562-631497,,,,
Gelato Bar,PT Selera Sukses Mandiri,F&B,Franchise,1 Milyar,Dharmawangsa Square JL. Dharmawangsa 6&9 Lt. Dasar Unit 36-37 Jakarta Selatan,021-72788315,,,,
Teh Gopek,PT Teh Gopek Cipta Utama,Teh,BO,n/a,Jl. Kapten Piere Tandean No.5 Slawi,0283-491435,,,,
Ayam Bebek Sambel Bledeg ”Cak Tri”,Ayam Bebek Sambel Bledeg ”Cak Tri”,F&B,BO,20-40jt,Komp. Bulog Jl. Yanatera 14 no.28 Jatiwarna Pondok Gede Bekasi,021-93846527,,,,
Kaisa Rossie Perjalanan Wisata,Kaisa Rossie Perjalanan Wisata,Travel,Franchise,n/a,Jl.Cendrawasih No.17 C-D Semarang,024-3559678,,,,
Taruna Nusantara Motor,Dian Automach,Auto,Franchise,50-250jt,Jl.Raya Larangan Barat Brebes,0281-621505,,,,
Klin n Fress,CV Elang Nusantara,Salon Helm,Kemitraan,"4,5jt",Jl.Pertengahan No.2 RT05/03 Cijantung Ps. Rebo Jakarta,021-92720819,,,,
Gazzaz Kebab,CV Gazzaa,Makanan,Franchise/BO,45jt,JL. Daud No.42 Kebun Jeruk - Jakarta,021-5321972,,,,
NAD’S Kebab & Sisha Crepes,NAD’S Kebab & Sisha Crepes,Makanan,Kemitraan,"7,5-10jt",Jl. Aksi No.21 Kyai Mas Mansyur Tanah Abang - Jakarta,n/a,,,,
Texas Chicken,PT Cipta Selera Murni,Restaurant,Franchise,n/a,Jl. Cikini Raya No.60A Jakarta,021-3905885,,,,
Preztissimo Laundry Lab,Preztissimo Laundry Lab,Jasa Peralatan Pakaian,Franchise,175-280jt,Jl.Perumnas Blok A/6C Seturan,0274-8222252,,,,
Singkong Keju Katrocker,PT Karunia,Makanan,Franchise,10-20jt,Jl. Pahlawan No.8A Banjarmasin,0511-7640737,,,,
Interaktif Komputer,Interaktif Komputer,Pendidikan,BO,85jt,Jl.Bromo 18 Malang,0341-323751,,,,
Martabak Bolu,CV Mitra Niaga Mandiri,Makanan,BO,20-35jt,Jl. Abdul Majid No.24,021-7264415,,,,
Tahu Bule,CV HWK Media Utama,F&B,BO,5-7jt,Kadin Bandung Bisnis Center Jl. Telaga Bodas No.31 Bandung,022-91930550,,,,
Aixin Mandarin,Aixin Mandarin,Pendidikan,Franchise,30-90jt,Jl.Janur Elok 10 Blok Q6-9 No.21 Kelapa Gading Bekasi,021-4528728,,,,
Ruzika Moslem,Ruzika Moslem,Pakaian Muslim,BO,Rp. 10jt,Jl.Rajawali II/5 Kranggan Permai Bekasi,0811-884552,,,,
Mr Pea,PT Gempita Muda Indonesia,F&B,Franchise,5jt,Jl. RM Kahfi 1 No.33 Ciganjur Jakarta 12630,021-27444555,,,,
Holcim,PT Holcim Indonesia,Pusat Pelayanan untuk Membangun Rumah,Franchise,Rp. n/a,Menara Jamsostek Lt.14 Menara Utara Jl. Jend. Gatot Subroto Kav.38 Jakarta,021-52962011,,,,
Goodel Coffee & Burger,CV Citra Muda Berlian,F&B,BO,7jt,Jl.Gempol Kramat Watu No.54 Serang Banten,0254-230411,,,,
Taruna Nusantara Motor,Dian Automach,Auto,Franchise,50-250jt,Jl.Raya Larangan Barat Brebes,0281-621505,,,,
Tahu Ikan Tuna,K Food,F&B,BO,"2,5jt",Jl. Diponegoro No.12 Jetis Ponorogo Jawa Timur,0813-35668077,,,,
Pempek Patrol,PT Gagasan Cemerlang Indonesia,Kuliner,BO,8-15jt,Plaza Niaga I Sentul City,021-87961080,,,,
Corner Kebab,CV Universal Info Excomindo,F&B,Franchise,15-20jt,Komp. Ruko Ogie Plaza Blok A/02 Jl. Siliwangi No.8 Pondok Benda Pamulang Tangerang Banten,021-7493969/91309309,,,,
Tiara Distro,Tiara Corporation,Fashion Muslimah,BO,Rp. 35 jt,Braga Plaza Jl. Braga Blok A6 No.5-11 Bandung,022-92535753,,,,
Pempek Royal,Kebab Kings Group,F&B,BO,10jt,Pondok Maritim Indah Blok QQ No.15 Kebraon Surabaya,031-72377222,,,,
Salon Johnny Andrean,Salon Johnny Andrean,Kecantikan,Franchise,N/A,Jl.Jl. Meruya Selatan No.66 Jakarta,021-5859545,,,,
Annabella Indonesia,Annabella Indonesia,Kecantikan,BO,80-90jt,Puri Kencana Timur No.47 Jakarta,021-80740061,,,,
Pisang Goreng Planet Krispy Kreme,Pisang Goreng Planet Krispy Kreme,F&B,Franchise,n/a,Jl. Babarsari No.23 BBC Plaza Yogjakarta,0274-497694,,,,
Oasis Reload,CV Dedayu Opus Maxima,Pengisian Pulsa Elektrik all operator,Franchise,30jt,Ruko Soekarno Hatta Permai Jl. Soekarno Hatta No.2 Kav 7 Malang,0341-402442/8194789,,,,
Happy Tea,CV Arashi Sukses Sejahtera,teh,Franchise,"3-5,5jt",Jl. Tebet Raya No.28 Jakarta,021-92296428,,,,
Bakso Mata Dewa,PT Rajawaralaba,F&B,BO,100jt,Ruko Bumi Satria Kencana Blok B No.4 Jl. Raya Kalimalang Bekasi,021-88952042,,,,
Ayam Bakar Pondok As Salam,CV Duta Mandiri Indonesia,F/B,n/a,15jt,Jl. Anggrek Raya No.20 Bumi Malaka,081310301665,,,,
Aning’s Beauty & Health,PT Mahkota Dewa,Kecantikan dan KEsehatan,BO,5-10jt,Jl.Baharu AA No.1 Nyiur Melambai II Rawa Badak Utara Kodja Jakarta Utara,021-4302762,,,,
Ayam Goreng Mbok Berek Ny Umi,PT Weiling Simba Wulung,F&B,Franchise,400jt,Jl. Prof Dr. Sutomo SH.14 Jakarta,021-8312921,,,,
Kidzwear,Kidzwear,Grosir Baju Anak,BO,Rp. 2-7jt,ITC Kuningan Lt.4 Blok C6 No.3 Jl. Dr Satrio Casablanca Jakarta Selatan,021-26141136,,,,
Bobby Steak,PT Sushantco Indonesia,F&B,Franchise,207-347jt,Jl. Tanjung Duren Utara No.464 Grogol Petamburan – Jakarta,021-5670081,,,,
TaboeBoe Tahu Bulat Bumbu,CV Sakura Kreasi Mandiri,Perdagangan Umum,BO,2-5jt,Pl. Paledang No.77A Bandung,022-91686130/022-91313745,,,,
Plasa Soto Nusantara,PT Anugrah Amal Citra Bogatama,Resto Soto,Franchise,300-500jt,Jl. Kasah No.35 Pekanbaru,0761-7046121,,,,
Super Bimbel GSC,PT Gema Sukses Cemerlang,Bimbel,Franchise,350-400jt,Jl.R. Sukamto No.3150-3151 Palembang,0711-821514,,,,
Toga Mas,Toga Mas,Toko Buku,Franchise,Rp. n/a,Jl.Raya Dieng No.27A-2 Malang,0341-565672/3,,,,
Red Bean,PT Red Bean Indonesia,Restaurant Family Chinese Food,Franchise,"1,1M",Jl. Surya Utama I Blok E/18 Kedoya – Jakarta,021-5817133-34,,,,
Quality Punch,PT Goldeng Ming Indonesia,Minuman,BO,50jt,Jl. Haji Saaba No.27 Meruya Selatan,021-58906463,,,,
Gujahe,Indonesia Export Produk,Distribution,Kemitraan,n/a,Komplek PD Safari Indah JL. Soka Blok D22 No.8 Pd. Aren Tangerang,021-23986886,,,,
Interaktif Komputer,Interaktif Komputer,Pendidikan,BO,85jt,Jl.Bromo 18 Malang,0341-323751,,,,
Busana Muslim Attaqi,Busana Muslim Attaqi,Fashion Retail,Keagenan,"Rp. 1,5jt",Jl.Mulyosari Tengah 8 No.2ª Surabaya,031-60106556,,,,
Klender Burger,PT Global Sera Lestari,F&B,BO,80jt,Jl. Buaran Raya Taman Buaran Indah No.19 Klender Jakarta,021-8620886,,,,
Martabak Asia,Asia Sunrice Sinda,F&B,Franchise,n/a,Jl. Merkuri No.17 Bandung,022-7561868,,,,
De-Excellence,De-Excellence,Bimbel,BO,400jt,Jl.Sangkuriang No.79 Cimahi,022-6626911,,,,
Sehat Terapy,PT Dwi Tunggal Jaya Raya,Kesehatan,Franchise,25jt,Ruko Graha Pejaten Raya N0.51 Jakarta Selatan,021-79197317,,,,
MK Express,PT Megantara Kargo,Jasa Kurir,Franchise,25jt,Jl.Pintu I Senayan Blok B 2nd F1 Room 23. Jakarta,021-70919914,,,,
Londre,PT Italindo Citra Modern,Laundry,Franchise,n/a,Jl.Pondok Lebak Bulus No.47 Jakarta,021-7655312,,,,
Ayam Bakar Lari-lari,Ayam Bakar lari-lari,Makanan,BO,Rp. 5jt,Masjid An Nur No.24 Menteng Dalam - Jakarta,021-99623352,,,,
Softcase Laptop Icainu,Icainu,Kerajinan Usaha Aksesoris Komputer,BO,Rp. 5jt,Perumahan Barata Jl. Barata tama II No.143 Kec.Karang Tengah Kel.Ciledug Tangerang,0856-8555152/021-99552815,,,,
Roy Weston,PT. Roy Weston Indonesia,Property,Franchise,250-300jt,Komp. Permata Senayan Unit E no. 56-60  Jl. Tentara Pelajar-Jakarta,021-7372985,,,,
Sweet Purple,Giri Mulia,Makanan & Minuman Olahan Ubi Jalar,BO,20-100jt,Pusat Jajanan K IX bintaro Sektor IX,021-74700001,,,,
ESL Express,PT Eka Sari Lorena,Jasa Pengiriman express kurir & kargo service,BO,15-20jt,Jl.RA Kartini No.16 Cilandak Jakarta,021-75910023/7506655,,,,
Ayam Goreng Mbok Berek Ny Umi,PT Weiling Simba Wulung,F&B,Franchise,400jt,Jl. Prof Dr. Sutomo SH.14 Jakarta,021-8312921,,,,
3D Photo Printing & Painting,PT Gambar Ajaib Indonesia,Photography,BO,35-59jt,Jl.Kelapa Nias Raya Blok GN NO.1-2 Kelapa Gading Jakarta Utara,021-4514539,,,,
Master Toner,PT Master Ssentra Nusa Cemerlang,Refill Tinta Toner & Service Komputer,Franchise,50-350jt,Jl.Surya Kencana No.9-10 Pamulang Tangerang Selatan Banten,n/a,,,,
Tela-tela,CV Elfa Indoboga,Makanan,Franchise,n/a,Tambak Bayan III No.12 Yogyakarta,0274-489654,,,,
Ruthesal Herbs & Spa,Ruthesal Herbs & Spa,Kesehatan,BO,N/A,Jl.Perum Karang Jati Indah II Blok A No.7 Bantul Yogyakarta,0274-413330,,,,
De Ressiq Laundry Kiloan,De Ressiq Laundry Kiloan,Laundry,Kemitraan,n/a,Jl.Tatya Asri Blok OA No.09 Cibinong,021-32093745,,,,
Madu Bu Rehani,CV Jaya Sekawan Abadi,Madu,Keagenan,Rp. 300-500rb,Jl.Wonorejo Timur No.45 Surabaya,031-8720295,,,,
LBB IPIEMS,PT Bhakti Karya Persada,Pendidikan,Franchise,n/a,Jl.Semawis Raya A18-19 Kampung Semawis Kedung Mundu Semarang,024-76740101,,,,
Kincling & Gesit Laundry Kiloan,PT Mandiri,Laundry,BO,80jt,Karawang Barat,0267-8455033,,,,
Bakso Gepeng Rawamangun,Bakso Gepeng Rawamangun,Food & Resto,Franchise,Rp.20jt - 40jt,Puri Gading Blok B6 No.5 Jatiwarna – Bekasi,021- 99661156,,,,
Ayam Pakuan,CV Putra Berdikari,F&B,BO,Rp.35jt - Rp.150jt,Perum Taman Kenari Blok A5 No.25 Bogor - Jabar,0251-8420475,,,,
Pronic,PT Pronic Indonesia,Produk Organic,Franchise,n/a,Jl. Kebon Jeruk Baru Blok B3 No.18 Jakarta,n/a,,,,
Bakso Kepala Sapi Jawa,Nareswari Group,F&B,Franchise,n/a,Jl. Raya Kebon Pees No.58 - Bogor,0251-8376809,,,,
Mie Ayam T’ras,T’RAS GR,Mie,Kemitraan,15jt,Jl. Melati 53 Nanggulan Sambilegi Jogyakarta,N/A,,,,
Java Star,PT Java Star,Tour & Travel,Franchise,,Jl.Titian No.7 Lt.2 Bandung,022-2531318,Rp. 100jt - Rp. 250jt,,,
Aning’s Beauty & Health,PT Mahkota Dewa,Kecantikan dan KEsehatan,BO,5-10jt,Jl.Baharu AA No.1 Nyiur Melambai II Rawa Badak Utara Kodja Jakarta Utara,021-4302762,,,,
FOX,PT Putra Dwi Mukti,Penjualan Sepatu Hujan,BO,Rp. 30-50jt,Jl.Cikuputera 115A Bandung,022-2504666,,,,
Alfamart,PT Sumber Alfaria Trijaya,Retail Minimarket,Franchise,n/a,Jl.MH Thamrin No.9 Cikokol Tangerang,021-55755966,,,,
Lesehan Alam Sejuk,CV Imam Brothers,F&B,BO,n/a,Jl. Terusan Kapten Halim No.38 Jl. Raya Wanayasa Pondok Salam Purwakarta,0264-8223517,,,,
Super Kids,PT Eka Kolese Indonesia Australia,Preschool,Network,60jt,Jl.Kemang Timur No.90 Jakarta Selatan,021-71792880,,,,
Tralala Baby & Kids World,Tiga Jaya Semesta,Retail,BO,Rp. 300-550jt,Jl.Mojopahit 148 Mojokerto,0321-390541,,,,
Dr - Inkjet,JPG Technology,Inkjet Refill Center,BO,10jt,Jl.Pondok Mas Raya No.12 & 28 Baros Cimahi,022-6629863,,,,
Snappy,PT Mitra Waralaba Sukses,Bisnis Center,Franchise,n/a,Jl.Gandaria 1 No.5 Kebayoran Baru Jakarta,021-7268686,,,,
Spot Bordir Franchise,JPG Technology,n/a,BO,"12,5-200jt",Jl.Pondok Mas Raya Ruko No.12-28 Baros Cimahi Bandung,022-662986,,,,
Restaurant khas Sunda & Hidangan Laut Mang kabayan,PT Sumber Pangan Lestari,F&B,Franchise,"1,5M",Jl. Alternatif Km1 Cibubur - Depok,021-84599424,,,,
Sweets & Sour Shaved Ice,Sweets & Sour Shaved Ice,F&B,Franchise,25-100jt,Komp. Green Garden H2 No.11 Jakarta,021-5822076,,,,
Singkong Keju Katrocker,PT Karunia,Makanan,Franchise,10-20jt,Jl. Pahlawan No.8A Banjarmasin,0511-7640737,,,,
Pothat,CV Brahmansa Indonesia,Minuman teh Herbal,BO,"7,5jt",Metrotrade Center Kav B.36 J/ Soekarno-Hatta 590 Bandung,022-91333406,,,,
Robota Robotics School,PT Robota Indonesia,Pendidikan,Franchise,171jt,Ruko BHS Jl. DR Rajiman 289/4 Surakarta,0271-74178,,,,
3D Baby Print,PT Tata Cipta Mega Pelangi,Baby Merchandise,BO,38jt,n/a,021-47882918,,,,
LP3I Course Center,PT Lentera Pendidikan & Pengembangan Profesi Indonesia,Pendidikan,Franchise,500-750jt,Gedung Sentra Kramat Blok B5 Jl.Kramat Raya No.7-9 Jakarta,021-3902873,,,,
Robotics,Robotics Education Center,Pendidikan,BO,150-200jt,Ruko Gading Bukit Indah Blok O No.10 Kelapa Gading Jakarta,021-45852473,,,,
Viobrano,Viobrano,Pembuatan Logo & PErcetakan,Perorangan,250jt,Jl.Gunung Sahari Indah Y2I - Surabaya,031-767468,,,,
Phas Martabak,Phas Martabak,F&B,Franchise,14-85jt,Jl. Cirendeu Raya No.1,021-26328219,,,,
Da’im Donut,Da’im Donut,F&B,BO,n/a,Jl. Kaliurang KM10 Gondangan Ngalik – Jogjakarta,0274-3042288,,,,
Beanstock Coffee and Tea,PT Adi Tata Nusindo,Kedai Kopi,BO,195jt,Bina Sentra Abiyasa Lt.4 Suite 404 & 405 Jl. Gatot Subroto Kav 71-73 Pancoran,021-8305611,,,,
Dressed Laundry,PT Pro Teknologi,Laundry & Cleaning Service,Franchise,please call,"Jl. Senayan Bintaro Blok HJ3 No.2, Sektor IX, Bintaro Jaya, Tangerang - Jakarta",081283066111; 021-91371181 (cp. Dedi Setiadi),,,,
Fruit Coffee Ala’din,Fruit Coffee Ala’din,F&B,Franchise,"7,5jt",Jl. Cibodas Baru No.13 Antapani - Bandung,022-92718835/92718836,,,,
Rebel Gym,Rebel Gym,Fitness Center,Franchise,150jt-1M,Jl.Surya Sumantri 18 Bandung,022-2003752,,,,
King Furniture,King Furniture,Furniture,Franchise,Rp. 100jt,Ruko Mutiara Gading R5 No.23 Lt.2 Bekasi Timur,021-82603940,,,,
Victory Crepes & Martabak Mini,Victory Crepes & Maratabak Mini,Makanan,Franchise,6jt,Jl. Puri Nirmala 3 Blok Bj No.6 Cibinong Bogor,021-87923384,,,,
Aixin Mandarin,Aixin Mandarin,Pendidikan,Franchise,30-90jt,Jl.Janur Elok 10 Blok Q6-9 No.21 Kelapa Gading Bekasi,021-4528728,,,,
Es Celebriti,CV Celebriti Cemerlang Utama,Minuman,Kemitraan,7-9jt,Jl. Arif Rahman Hakim No.49 Depan UPB Surabaya,031-5927412,,,,
Bobby Steak,PT Sushantco Indonesia,F&B,Franchise,207-347jt,Jl. Tanjung Duren Utara No.464 Grogol Petamburan – Jakarta,021-5670081,,,,
De-Excellence,De-Excellence,Bimbel,BO,400jt,Jl.Sangkuriang No.79 Cimahi,022-6626911,,,,
Corner Kebab,CV Universal Info Excomindo,F&B,Franchise,15-20jt,Komp. Ruko Ogie Plaza Blok A/02 Jl. Siliwangi No.8 Pondok Benda Pamulang Tangerang Banten,021-7493969/91309309,,,,
Star Bandrek,PT Liza Herbal International,F&B,Agen,n/a,Jl. Arzimar 3 No.43 Bogor,0251-8350056,,,,
Toper Crepes,Mathena Group,Makanan,BO,"8,5-13,5jt",Jl. H. Juanda No.93 Cikampek Karawang 41374,0264-315521,,,,
Chean N Clean,PT Cheap N Clean,Retail Perawatan Otomotif,Franchise,270-340jt,Jl.Raya Lontar 17 Surabaya Barat,031-7440652,,,,
AA Catering,PT Anugrah Agung Citra Tama,,,,Jl. Pramuka no.20 - Padang,0751-445566,,Jasa Boga,Franchise,Rp. 350jt - 750jt
Star Pizza,CV San Food Indonesia,F&B,BO,5-25jt,Jl. Candi Tembaga Selatan No.9 Perum Pasadena Semarang,024-7606272,,,,
Malibu 62 Studio,CV Malibu 62 Studio,Foto Studio,Franchise,190jt,Jl.Raya Barat Boulevard Blok LC-7 No.62 Kelapa Gading Jakarta,021-4514723,,,,
Curug Gentong,Curug Gentong,Kerajinan,Franchise,Rp. 15jt,Komp.Samudra Indonesia Blok A5 No.1 Jl. Tole Iskandar Depok,021-77824251,,,,
Doremi Pizza,CV Nusaboga Indonesia,Makanan,Franchise,20-80jt,Jl. Nusantara IV BD 23 Wisma Tropoda Waru - Sidoarjo,031-77293070,,,,
Murah Motor,Murah Motor,Toko & Bengkel Sepeda,BO,60jt,Jl.Raya Ungaran Gunungpat KM 2 Kab. Semarang,024-70787334,,,,
Bimba AIUEO,YPAI,Pendidikan,Franchise,n/a,Jl.Berdikari No.27 Rawabelong Jakarta,021-5480960,,,,
Multichip,PT Data Lima,Pulsa,BO,50rb-5jt,Jl.ITC Kuningan Lt.3 Blok B3 No.5-7 Jl. Prof. Dr Satrio Jakarta,021-57974444,,,,
Cendol Desa,Cendol Desa,Minuman,BO,"3,9-5,9jt",Komp. Bulog Jl. Yanatera 14 No.28 Jatiwarna Pondok Gede Bekasi,021-93846527,,,,
Amadeus Motor Sport,Amadeus Motor Sport,Mobil Modifikasi,BO,300jt,Jl.Raya Tubagus Angke No.9 Jelambar Jakarta,021-50501000,,,,
Nasabel Water Filter,PT Lahtazan Indonesia,Refill Air Minum,Franchise,75-108jt,Jl.Raya Sukahati Komplek Ruko Pasar Sukaraden Blok R No. 1-2 Jakarta,021-87927398,,,,
Mia Laundry,CV Mia Rasyondo Utama,Laundry,BO,70jt,Jl.Bintara Gerbang PT IKPP Km 4 Perawang Riau,0761-7672342,,,,
Nata Tours,PT Nata Bersama Tour & Travel,Travel,Franchise,Rp. 150jt,Jl.Otista Raya No.82 Jakarta,021-8584727,,,,
Laundry Indonesia Com,Laundry Indonesia Com,Jasa Laundry,Franchise,90jt,Jl.Radar Auri No.48 Ruko Mahetan Cimanggis Depok,021-98281810,,,,
Andre Valentino;,PT. Cipta Sumber Sejahtera;,Fashion Ritel;,Franchise;,n/a;,Jl. KH Agus Salim No.67 Jakarta;,021 - 3908386,,,,
IKI OKE,PT Makanan Sehat Nusantara,Seafood Siap Saji,BO,"7,5jt",Gd. Menara Hijau Lt.5 Jl. MT. Haryono Kav 33 Jakarta,021-79186272,,,,
Bakso Kepala Sapi,PT MM Food and BV,F&B,Franchise,n/a,Mananggal V/4 - Surabaya,031-8283474,,,,
Chinatoast Kopi Tiam,Chinatoast Kopi Tiam,F&B,BO,90jt,Internasional Ferry Terminal Batam Center B2 No.12,0778-9131888,,,,
Raja Lele,PT Raja Waralaba,F&B,Franchise,50-125jt,Komp. Perkantoran Ruko Bumi Satria Kencana Blok B No.4 Jl. Raya Kalimalang Bekasi,021-88952042,,,,
Jari Hitung Cepat Indonesia,Lembaga Bintang Indonesia,Pendidikan,Franchise,10jt,Jl.Raya Bogor Km 40 983 Cibinong - Bogor,021-87916762/32914197,,,,
HandC Komputer,HandC Komputer,IT & Komunikasi,BO,75-250jt,Griya Mrisi Indah B11 RT012 Tirtonimolo kasihan Bantil Jogyakarta,0274-6463777,,,,
Bakso Cak’Di,Perorangan,F&B,BO,7.5jt,Jl. Medokan Ayu 1/H.10 Surabaya,0815-53010055,,,,
Susu Oke,UD Suka Cita,Milk Station,BO,Rp. 200jt,Jl.Baru Teluk Betung No.19 Bekasi Barat,021-88962687,,,,
Jawara Kebab,Jawara Kebab,F&B,BO,10-18jt,Jl. Nyinden Intan Timur Gg.19 Blok A1 No.3 Surabaya,031-71508555,,,,
Taruna Nusantara Motor,Dian Automach,Auto,Franchise,50-250jt,Jl.Raya Larangan Barat Brebes,0281-621505,,,,
ILP,PT Intisari Langkah Positif,Pendidikan,Franchise,"700jt-1,2M",Jl.Raya Pasar Minggu No.39ª Jakarta Selatan,021-79192906/021-7905210,,,,
X4 Print,X4 Print,Printing,Franchise,n/a,Rukan Permata Ancol Blok B No.8-9 Jakarta,021-6414502,,,,
LBB Youcan,Media Nusantara,Pendidikan & Pelatihan,BO,10jt,Jl.Kejawaan Gebang IX/5 Surabaya,031-5312917,,,,
Asia Food,Asia Food Corp.,Makanan,Franchise,4-8jt,Jl;Karya Utama no.78 Srengseng - Jakarta,021-95140970,,,,
Warung Apung Rahman,Warung Apung Rahman,F&B,BO,500jt,Jl. Dr. Wahidin Sudiro Husodo 105 Kebomas Gresik,031-7407770,,,,
Edutimes,PT Forlearn & Edumedia,Pendidikan,Lisensi,n/a,Jl.Komp. Aries Niaga Blok A1-1K Jl. Taman Aries Meruya Utara Jakarta,021-5858863,,,,
Saqinah,Saqinah,Ritel Fashion,BO,Rp. 200jt,Jl.Duren Tiga Raya No.16 Jakarta,021-79176862,,,,
Warna Warni Children Center,Warna Warni Children Center,Pendidikan,BO,50jt,Jl.Colombo 8 Yogyakarta,0274-551214,,,,
E.nopi Math & English,PT Daekyo Indonesia,Bimbel,Franchise,400-500jt,Menara Global Jl. Gatot Subroto Kav.27 Jakarta,021-52920911,,,,
Maxx By Rudy Hadisuwarno,Maxx by Rudy Hadisuwarno,Kecantikan (salon),Franchise,165jt,Sudirman Park B21-23 KH Mas Mansyur Kav 35 - Jakarta,021-579443705,,,,
Spahelm,CV Yeskarya Indonesia,Otomotif,BO,"21,5jt",Jl.Bougenville Raya No.55 Perum Bumi Raya Tembaga Bekasi,021-37351700,,,,
Restaurant khas Sunda & Hidangan Laut Mang kabayan,PT Sumber Pangan Lestari,F&B,Franchise,"1,5M",Jl. Alternatif Km1 Cibubur - Depok,021-84599424,,,,
Eltaft Butik Sepatu Wanita,Eltaft Sukses Permata,Fashion Shoes,Franchise,Rp. 68jt,Graha Eltaft Lt.1-4 Komplek Ruko Bekasi Mas Blok B No.30 Jl.Jend A Yani Bekasi 17141,021-88856484,,,,
Dawet Ponorogo,Dawet Ponorogo,Minuman,BO,"4,5-5,5jt",Jl. Yahatera 14/26 Perum Bulog Pondok Gede Bekasi,021-93846527,,,,
Pulsa Machine,Pulsa Machine,Telekomunikasi,BO,Rp. 50-100jt,Jl.Bambu Apus Raya No.52 Cipayung Jakarta Timur,021-7088888/70992992,,,,
3D Baby Print,PT Tata Cipta Mega Pelangi,Baby Merchandise,BO,38jt,n/a,021-47882918,,,,
Terminal Baso,Miehezoo,Resto Mie & Bakso,BO,80-100jt,Jl. Raya Barat 607-609 Cimahi,022-6632161,,,,
Fokus Production Group,CV Fokus Production Group,"EO, Adv. Art & Design Merchandise",Franchise,n/a,Jl.Karang Menjangan III No.22 Surabaya,031-71111660,,,,
CSC Washer,Lion Fortuna,Salon Motor & Helm,Franchise,50-75jt,Ruko Arjuna Square No.7 Jl. Arjuna Utara samping Univ Esa Unggul Pinggir tol Tomang Kebon Jeruk Jakarta,021-95421542,,,,
Sabana Fried Chicken,n/a,F&B,BO,"13,75-15jt",Jl. Bromo Blok 6 No.4 Komp Raflesia Jatimakmur Pondok Gede,021-84900735,,,,
Medimart Apotek,PT Medimart Indonesia,Apotek,BO,700jt,Jl.Raya Kodam Bintaro Permai No.9R Pondok Betung Jakarta,021-73884908,,,,
Ayam Goreng Pondok Parayangan,Ayam Goreng Pondok Parayangan,F&B,BO,n/a,Jl. Boulevard Barat Kepala Gading Blok LC7 no.63 Summarecon Kalapa Gading - Jakarta,021-4529449,,,,
Mesin Laundry Com,CV Mandiri Lintas Cakrawala,Mesin Laundry,BO,39jt,Jl.Damai II No.3 Mampang Pancoran Mas Depok,021-77200069,,,,
Paparon’s Pizza,PT Entertainment International Tbk,F&B,Franchise,n/a,Pondok Pinang Center Blok C46-48 Jl. Ciputat Raya Jakarta 12310,021-75915031,,,,
Ayam Goreng Bakar Chichi,Ayam Goreng Bakar Chichi,Makanan,BO,125jt,Jl Duku 1 BC.38 Pondok Chandra Sidoarjo - Surabaya,031-8670276,,,,
Liang Teh,PD The Krisan,minuman,Franchise,100jt,JL. GM Situt No.58 Singkawang Kalimantan Barat,0562-631497,,,,
Salon Helm,Salon Helm,Cuci Helm,Franchise,50jt,Malang Town Square Jl. Veteran Malang,021-70683124,,,,
Maxx By Rudy Hadisuwarno,Maxx by Rudy Hadisuwarno,Kecantikan (salon),Franchise,165jt,Sudirman Park B21-23 KH Mas Mansyur Kav 35 - Jakarta,021-579443705,,,,
Kebab Aliev,Kebab Aliev & Burger,F&B,BO,15jt,Jl. Ikan Sepat Gg.4 No.2 Surabaya,031-3535384,,,,
Soto Suroboyoan Haji Wasdi,Soto Suroboyoan Hasji Wasdi,F&B,Franchise,4jt,Jl. Lodan I No.6 Rawamangun Jakarta,021-4894661,,,,
Apple Tree Preschool,Apple Tree Preschool,Pendidikan,Franchise,2M,Jl. Muara Karang Blok I1 Selatan No.26-28 Jakarta,021-6617674,,,,
O’Com,PT Comindo Boga Jaya,F&B,BO,n/a,Jl. RC Veteran No.9D Bintaro Tanah Kusir Jakarta,021-7379452,,,,
Moz5 Salon Muslimah,Moz5 Salon Muslimah,Salon,BO,n/a,JL. Margonda Raya No.488 Depok,021-7872360,,,,
Martabak Alim,Martabak Alim,F&B,Franchise,125jt,Villa Nusa Indah Blok T6 No.1 Bekasi,021-82400147,,,,
Robota Robotics School,PT Robota Indonesia,Pendidikan,Franchise,171jt,Ruko BHS Jl. DR Rajiman 289/4 Surakarta,0271-74178,,,,
Interaktif Komputer,Interaktif Komputer,Pendidikan,BO,85jt,Jl.Bromo 18 Malang,0341-323751,,,,
Madeline Beauty Center,Madeline Solution,Klinik Kecantikan,BO,N/A,Jl.Gunawarman 19 Kebayoran Baru,021-72788002,,,,
Pempek Top & Es Oyon,CV Oyen 88,Pempek,Franchise,5-10jt,Blok Gudang No.10 Jatibarang - Indramayu,0234-351994,,,,
CV Kubus,CV Agni Biru,Internet & Games Online,Franchise,Rp. 250jt,Jl.Setiabudi No.206C Bandung,022-2041190,,,,
Tahu Kremez,CV Angling Dharma Indonesia,Tahu,BO,"3,5jt",Ds. Bekel RT04/01 Kec. Pera Jombang,0321-6218233,,,,
Tumble Tots,PT Montesorri Mazmur Indonesia,Pendidikan Pra Sekolah,Franchise,n/a,Jl.Mangga Besar Raya No.5F Jakarta,021-6253036,,,,
Warnet Gue,Warnet Gue Group,Internet & Games Online,Franchise,50-90jt,Komp. Batam Indah No.E27 Pademangan Serpong,021-7565134,,,,
Soto Abas,Soto Abas Indonesia,F&B,Franchise,50jt,JL. Rajawali No.123 Perumahan Rewin Sidoarjo,021-71015661,,,,
Coffee Break,Coffee Break Indonesia,F&B Cafe Coffee Shop,Franchise,30-75jt,Jl. Terusan Candi Kalasan Blimbing Malang Jawa Timur,0341-7700020/2108808,,,,
Inpra Perkasa,Inpra Perkasa,Jasa Expedisi,BO,400jt,Graha Candimas Jl. Kalasan 3F.15 Candi Sidoarjo,031-47869376,,,,
Frankfurter Hotdog,PT Konsep Citra Rasa Nusantara,F&B,BO,"2,5 Milyar",Taman Duta Mas Blok B8 No.5 Jelambar - Jakarta,021-5675255,,,,
Medimart Apotek,PT Medimart Indonesia,Apotek,BO,700jt,Jl.Raya Kodam Bintaro Permai No.9R Pondok Betung Jakarta,021-73884908,,,,
Klenger Burger,PT Kinarya Anak Bangsa,F&B,Franchise,100-200jt,Jl. RC Veteran No.21 Rempoa Bintaro Jakarta Selatan,021-7373589,,,,
Bakmi-Mie Kita,PT System Waralaba Bakmie Mie Kita,F&B,Franchise,Rp.77jt-215jt,Jl. Teratai 12 Blok D.20 No.2ª Perum Taman Cibodas - tangerang,021-98213194,,,,
Speed Laundry,PT Lavatrisi Mandiri,Laundry,Perorangan,23-50jt,JL Rajawali Raya Kemayoran Jakarta,021-64715246,,,,
Martabak Tela,Homy Group,F&B,Franchise,n/a,Jl. Bugisan 36 Jogyakarta,0274-7499911,,,,
MER Furniture Center,PT Garant Mobel Indonesia,Franchise Furniture,Franchise,Rp. 500jt,Jl.Roda Pembangunan No.28 Kadang Roda Naggewer Cibinong Bogor,0251-8652211,,,,
Iiuvitz Collection,IIuvitz Collection,Fashion & Craft,Kemitraan,Rp. 20jt,Jl.Palatehan Kidul No.18 RT 022/05 Kel.Patehan Kec.Kraton Yogyakarta 55133,0274-379072,,,,
Tiramizzu,Tiramizzu,F&B,BO,2jt,Jl. Keputih Permai Blok 3B No.4 Sukolilo Surabaya,0838-98285781,,,,
Super Laundry,Super Laundry,Laundry & Dry Clean,Jasa,n/a,Jl. Tebah 2 No.31-33 Mayestik,021-7222535,,,,
Laboratorium Klinik Primadia,CV Mitra Sehat,Kesehatan,Franchise,382.5jt,Jl. Otista Raya No.8 Jakarta,021-85911548,,,,
LBB Youcan,Media Nusantara,Pendidikan & Pelatihan,BO,10jt,Jl.Kejawaan Gebang IX/5 Surabaya,031-5312917,,,,
Vedics Maths Indonesia,De-excellence,PEndidikan,BO,n/a,Jl.Sangkuriang No.79 Bandung,022-6626911,,,,
Martha Tilaar Salon Day Spa,PT Cantika Puspa Pesona,Salon & Spa,Franchise,"1,5 Milyar",Jl.Pulokambing II No.1 Kawasan Industri Pulogadung - Jakarta,"021-4603717 ext 816,817,819",,,,
Ulir Kriuk Kentang Crispy Spiral,Ulir Kriuk Kentang Crispy Spiral,Makanan,Franchise,10jt,Serdan Asri 3 Blok R15 No.30 Citra Raya Tangerang,021-70506226,,,,
Kedai Pizza,Kedai Pizza,F&B,Franchise,30jt,Perum Tidar Sari Blok Cempaka No.3 Japunan Mertoyudan Magelang,0293-5557006,,,,
Bakso Raden,PT Buma Siswa Boga,F&B,BO,n/a,Jl. Lumbu Utara Raya No.170 Rawalumbu – Bekasi,021-8212577,,,,
Tofuku Tahu Krispi,CV Tofuku Mitra Indonesia,Makanan,BO,"5,5jt",Jl. Wonorejo Indah Timur Gg.7 No.1A Surabaya,031-8792341/72605605,,,,
Double Dipps,PT Sinar Harapan Abadi,F&B,BO,80-275jt,Business Park Kebon Jeruk Blok F1 No.6-7 Jl. Meruya Ilir No.88 Jakarta Barat,021-30067875-76,,,,
Jamur Crispy,CV HWK Media Utama,F&B,BO,5-7 jt,Kadin Bandung Bisnis Center Jl. Telaga Bodas 31 Bandung,022-91930550,,,,
Gembinet,Gembinet,Internet Game Center,BO,30-350jt,Rukan Tanjung Mas Raya B1 No.39 Tanjung Barat Jakarta Selatan,021-78834405,,,,
Corner Kebab,CV Universal Info Excomindo,F&B,Franchise,15-20jt,Komp. Ruko Ogie Plaza Blok A/02 Jl. Siliwangi No.8 Pondok Benda Pamulang Tangerang Banten,021-7493969/91309309,,,,
LPIA,LPIA Group,Pendidikan,Franchise,355jt,Jl.Graha LPIA Perkantoran Mall Klender Blok B3 No.16-18 Jl. I Gusti Ngurah Rai Klender Jakarta Timur,021-8604218/021-8608154,,,,
Rudy Hadisuwarno Salon,PT Rudy Hadisuarno,Kecantikan (salon),Franchise,400jt,Sudirman Park B21-23 KH Mas Mansyur Kav.35 Jakarta,021-57943705,,,,
Ummi Klinlaundry & Dry Clean,CV Ummi Bizz Center,Laundry,BO,15jt,Jl. Pondok Kelapa 12 Blok F5 No.21 RT07/11 Jakarta,021-93710483,,,,
Future Kids,PT BSW Gramedia,Pendidikan,Franchise,150-200jt,Jl.Palmerah Barat 33-37 Jakarta,021-71505656,,,,
Net Ezy,PT Net Ezy Internasional,Internet Café & Game Station,Franchise,300jt,Komp. Gajah Mada Mediterania Blok D16 Lt.3 Jl. Gajah Mada 17Y Jakarta,021-6336880,,,,
Jamur Crunchy,Jamur Crunchy,F&B,BO,n/a,Keputih Tegal Timur No.42-44 Sukolilo Surabaya,031-71506482/0856-3285660,,,,
Super Tela,Genta Group,F&B,Franchise,"4-4,3jt",JL. Empat No.38 RT35 Kelurahan Gunung Samarinda Balikpapan,0542-5617789,,,,
Double Dipps,PT Sinar Harapan Abadi,F&B,BO,80-275jt,Business Park Kebon Jeruk Blok F1 No.6-7 Jl. Meruya Ilir No.88 Jakarta Barat,021-30067875-76,,,,
Cuppa Coffee,Cuppa Coffee,Kedai Kopi,Franchise,n/a,Ruko Kebon Jeruk Mediterania Lt.2 Jl. Meruya Ilir No.10 Kembangan Srengseng - Jakarta,021-58902665,,,,
Inpra Perkasa,Inpra Perkasa,Jasa Expedisi,BO,400jt,Graha Candimas Jl. Kalasan 3F.15 Candi Sidoarjo,031-47869376,,,,
TX Travel,PT Jakarta Express Utama,Travel,Franchise,Rp. 400jt,Komp. Ruko Atap Merah Blok D No.10-11 Jl. Pecenongan No.72 Jakarta,021-3809999,,,,
Dressed Laundry,PT Pro Teknologi,Laundry & Cleaning Service,Franchise,please call,"Jl. Senayan Bintaro Blok HJ3 No.2, Sektor IX, Bintaro Jaya, Tangerang - Jakarta",081283066111; 021-91371181 (cp. Dedi Setiadi),,,,
Susu Oke,UD Suka Cita,Milk Station,BO,Rp. 200jt,Jl.Baru Teluk Betung No.19 Bekasi Barat,021-88962687,,,,
Q’BIQ Dunuts & Coffee,n/a,F&B,Franchise,60-350jt,Kokan Permata Blok A No.5 Jakarta,021-4517781-86,,,,
Bakso Franchise Putra Solo,bakso Franchise Dutra Solo,F&B,Franchise,20-80jt,Jl. Ahmad yani Utara No.6 Denpasar,0361-8442482,,,,
TaboeBoe Tahu Bulat Bumbu,CV Sakura Kreasi Mandiri,Perdagangan Umum,BO,2-5jt,Pl. Paledang No.77A Bandung,022-91686130/022-91313745,,,,
Teh 16 (Rasa Buah),CV Sukses Group,Minuman,BO,"2,9-6jt",Jl. AR Hakim –Mulya No.1 MEdan,061-7364324,,,,
Chinatoast Kopi Tiam,Chinatoast Kopi Tiam,F&B,BO,90jt,Internasional Ferry Terminal Batam Center B2 No.12,0778-9131888,,,,
Twisterchips,PT Tata Cipta Mega Pelangi,F&B,Franchise,"28.8-48,8jt",Jl. Pangeran Jayakarta No.85A,021-71398831,,,,
Healthy Helm,Healthy Helm,Laundry,BO,n/a,Jl.Fatmawati Raya Ruko Fatmawati Mas No.112 Jakarta,021-99995808,,,,
Campina Scoop Counter,PT Campina Ice Cream Industry,Ice Cream,BO,n/a,Jl. Raya Duri Kosambi No.12 Cengkareng Jakarta,021-5414141,,,,
Pisa Cafe & Resto,PT Boga Raharjo Adipratama,Cafe & Resto,Franchise,"1,2-1,9M",Jl. Pemuda No.70 Rawamangun Jakarta,021-47864940,,,,
My Way Steak,My Way Steak,F&B,BO,25jt,Jl. Pemuda No.17 Jakarta,021-47864428,,,,
Gujahe,Indonesia Export Produk,Distribution,Kemitraan,n/a,Komplek PD Safari Indah JL. Soka Blok D22 No.8 Pd. Aren Tangerang,021-23986886,,,,
Raja Motor,PT Raja Motor,Bengkel Accessoris Motor,Franchise,105jt,Cibubur Point Automotive Center Jl. Alternatif Cibubur KM1 Ruko B3A Depok,021-8451728,,,,
Bakso Malang Kota Cak Eko,Bakso Malang Kota Cak Eko,F&B,Franchise,60-120jt,n/a,021-93846527/021-84307897,,,,
Pringsewu Restaurant,PT Pringse Cemerlang,restaurant,Kemitraan/BO,"300jt-2,5M",Jl. DI Panjaitan No.116 Purwokerto,0281-638231,,,,
Bazz Burger & Ocha Bento,PT Kopi Enak Indonesia,Makanan Fastfood & Coffee,BO,"3,5-45jt",Villa Citra Bantarjati F1/16 - Bogor,0251-8910911,,,,
DAG Photo Studio,DAG Photo Studio,Gerai Photo Studio,Franchise,25-50jt,Jl.Kota Bambu Selatan 2 No.59 Jakarta,021-6348634,,,,
Twisterchips,PT Tata Cipta Mega Pelangi,F&B,Franchise,"28.8-48,8jt",Jl. Pangeran Jayakarta No.85A,021-71398831,,,,
Beef Rush,PT Konsep Citra Rasa Nusantara,F&B,BO,3 Milyar,Taman Duta Mas Blok B8 No.5 Jelambar - Jakarta,021-5675255,,,,
Tumble Tots,PT Montesorri Mazmur Indonesia,Pendidikan Pra Sekolah,Franchise,n/a,Jl.Mangga Besar Raya No.5F Jakarta,021-6253036,,,,
Nakamura The Healing Touch,Nakamura,Terapi Tradisional Jepang,BO,370jt,Jl.Jageran No.106 Ketelan Solo,0271-630252,,,,
Ayam Bakar Warung Apung,CV Rahmawati Group,Makanan,BO,2-4 Milyar,Dr. Wahidin 8 Kav 3 Keplomas Gresik,031-3986889,,,,
IKKI Crispy (Fried Chicken),IKKI Group,F&B,BO,"12,5-35jt",Taman Bougenville Estate Jl. Bouhinia III Blok F1/3 Caman Bekasi,021-8645865,,,,
Extra Qilo Laundry,CV Mamabros Servicindo,Laundry,Franchise,35-45jt,Komp. Pertokoan Taman Buana Indah Blok B13 No.6 Batam,0778-426244,,,,
Body Protector,Body Protector,Produsen Jaket Motor,Kemitraan,n/a,Jl.Anggrek Garuda Blok D1 No.19 Kemanggisan Jakarta,021-70920005,,,,
Soccer Ice Cream,PT Raja Asia Iboga,F&B,Lisensi,75-90jt,Gedung Talavera Lt.28 JL. TB Simatupang No.22-26 Jakarta 12430,021-75999927,,,,
Indo Properti Real Estate,PT Indo Property Investama,Agen Property,Franchise,Rp. 500jt – Rp. 1 M,Ruko Mega Mall Pluit No. 44 Jl. Pluit Indah Raya - Jakarta,021-6683561,,,,
Paramudaku,CV Paramuda Agro Nusantara,Jasa,BO,16-55jt,Jl.Keputih Permai 1 No.3 Sukolilo Surabaya,031-5923306,,,,
Mr Kinclong,CV Karunia Sang Pencipta,Laundry,BO,35jt,Solo,0271-5862002,,,,
Pop Licks,CV Superpop Suryadarma,Ice Cream,BO,18-60jt,Komplek Green Garden Blok D1/1C Jakarta,021-5325054/5817470,,,,
Pop Corn AFIA & teh Segar,Pop Corn AFIA & Teh Segar,F&B,Franchise,"6,5-9,5jt",Jl. KH Agus Salim No.32 Lawean Solo,0271-7044839,,,,
Fastrackids,PT Bina Bakat & Potensi,Pendidikan Non Formal,Franchise,450jt,Komp Perkantoran Bukit Gading Indah Blok E/7 Kelapa Gading Jakarta,021-4515854,,,,
Planet Koko,Planet Koko,Makanan,n/a,"3,9-6jt",Pondok timur Indah Raya Jl. Al-Huda No.70 Bekasi,021-32503442,,,,
Micronics Distribution,PT Micronics Intrakom,n/a,Franchise,n/a,Golden Plaza A37-A39 Jl. RS Fatmawati 15 Jakarta,021-75900091/93,,,,
ID Webhost,CV Jogja Camp,"Jasa Website, Web Development, Web Hosting",Franchise,n/a,Jl.Perintis Kemerdekaan No.33 Jogjakarta/Jl. Mampang Prapatan Raya No.19J Jakarta,021-79184155/0274-415585,,,,
Bakmi Orange,Bakmi Orange,F&B,Kemitraan,"Rp.7,5jt",Jl. Ciasem Ujung No.4 Depok Timur,0818-06700600,,,,
Saqinah,Saqinah,Ritel Fashion,BO,Rp. 200jt,Jl.Duren Tiga Raya No.16 Jakarta,021-79176862,,,,
Saboga,PT Saboga Food Indonesia,F&B,Franchise,700jt,Jl. Batu Nunggal Indah 4 No.1-3 Bandung,022-7513206,,,,
Lacone Cafe,Lacone Cafe,Cafe,BO,n/a,Rukan Taman Pondok Kelapa A-1 Jl. Pondok Kelapa Raya Jakarta,021-86904304,,,,
Martabak VOC,Martabak VOC,F&B,BO,50jt,Jl. Abdul Majin No.24 Jakarta,021-7264415,,,,
Teh que dan Segara Tea,CV Amanah Que,F&B,BO,4-6jt,Jl. Praja Dalam E RT12/02 No.45A kebayoran Lama Jakarta,021-97734265/021-92236165,,,,
Johnny Andrean School,Johnny Andrean School,Pendidikan,Franchise,n/a,Jl.Meruya Selatan No.66 Jakarta,021-5859545,,,,
Raja Brosur,Raja Brosur,Percetakan,BO,100jt,Jl.Pal Batu IV No.14 RT 009/10 Menteng Dalam Jakarta Selatan,021-71553266,,,,
Save Print,Save Print,Printing,BO,n/a,Jl.Abdul Muis 64 Jakarta,021-3685149,,,,
Lutuye Salon,PT Lutuye Indonesia,Salon Kecantikan,N/A,N/A,Wisma BCA 1 LT.9 Jend. Sudirman Kav 22-23 Setiabudi Jakarta,021-5712124/5712598,,,,
Soto Suroboyoan Haji Wasdi,Soto Suroboyoan Hasji Wasdi,F&B,Franchise,4jt,Jl. Lodan I No.6 Rawamangun Jakarta,021-4894661,,,,
Bakmi Raos Resto,PT Raos Aneka Pangan,F&B,Franchise,Rp. 75jt,Jl. Kodam Bintaro Permai No.9R – Pondok Betung Jakarta Selatan,021-73884908,,,,
Sun P Klin Laundry,CV Kemenang Jaya,Laundry,Franchise,65jt,JL. Gatot Subroto No.88F Medan,061-68739994,,,,
Kebab Turki Baba Rafi,PT Babarafi Indonesia,Kebab,Franchise,55-105jt,Ruko Manyar Garden Regency Kav.29-30 Jl. Nginden Semolo 109 Surabaya,031-5999975,,,,
Gathaya Performing Art Center,PT Gathaya Cahyayuda,Pendidikan,Franchise,n/a,Jl.Ciasem I No.36 Kebayoran Baru,021-7210271,,,,
Frezz Buble,Frezz Buble,F&B,Franchise,12.5-25jt,Jl. Sukabakti 2 No.2 Tangerang,021-98259308,,,,
Java Star,PT Java Star,Tour & Travel,Franchise,,Jl.Titian No.7 Lt.2 Bandung,022-2531318,Rp. 100jt - Rp. 250jt,,,
Photo n Print,Photo n Print,"Studio Box, Photo Box, Photo Kios",BO,n/a,Jl.Hi-tech Mall Lantai I/B 21 Kusuma Bangsa 116-118 Surabaya,031-5467456/031-5016088,,,,
Oenpao,Oenpao,F&B,BO,n/a,Jl. Kemang Selatan 102,021-7379452,,,,
TIKI JNE,PT Tiki Jalur Nugraha Eka Kurir,Jasa Pengiriman,Agen,n/a,Jl.Tomang Raya No.11 Jakarta,021-5665262,,,,
Softcase Laptop Icainu,Icainu,Kerajinan Usaha Aksesoris Komputer,BO,Rp. 5jt,Perumahan Barata Jl. Barata tama II No.143 Kec.Karang Tengah Kel.Ciledug Tangerang,0856-8555152/021-99552815,,,,
Mini Cafe Ellina Resto,CV Ellino Group,F&B,BO,55jt,Deni Kerto RT01/07 Saroharjo ngalik Sleman Jogyakarta,0274-7145900,,,,
Pulsa Box,PT Solusi Layanan Mandiri,Jasa,BO,n/a,Jl.Radio II no.6 Kebayoran Baru Jakarta,021-7203260,,,,
Kidzwear,Kidzwear,Grosir Baju Anak,BO,Rp. 2-7jt,ITC Kuningan Lt.4 Blok C6 No.3 Jl. Dr Satrio Casablanca Jakarta Selatan,021-26141136,,,,
Bakso Malang Kota Cak Eko,Bakso Malang Kota Cak Eko,F&B,Franchise,60-120jt,n/a,021-93846527/021-84307897,,,,
Balon Udara,Balon Udara Franchise Shop,F&B,Franchise,n/a,Jl. Dr Makaliwe I/9 grogol Jakarta Barat 11450,021-5636838,,,,
Warung Bandeng Kapasan Surabaya,Warung Bandeng Kapasan Surabaya,Traditional Food,Franchise,35-125jt,Jl. Kapasari Gembong DKA2/1 Surabaya,031-70130279,,,,
Bandeng Segar Cabut Duri Minahasa,CV Tiara Raya,F&B,BO,15jt,"Jl. Bukit Kelapa Sawit II AH-44 Bukit Kencana Jaya, Semarang",024-70544643,,,,
Global Phone,PT Global Media Inforindo,IT dan Komunikasi,Franchise,110jt,Jl.Rukan Plais De Paris Jl. Boulevard Raya Blok H No.16 Cikarang,021-89971827,,,,
Raja Bebek Bakar,Raja Bebek Bakar,"Resto, Rumah Makan dan Warung Kaki Lima",Franchise,10-15jt,Jl. H. Mencong Gg. Ahmad Mo.79 RT02/13 Penggilingan Timur Ciledug Tangerang Banten,021-71097816,,,,
Anis Bakery,CV. Netsia,F&B,Franchise,60jt,Jl. Langsep Raya no.32 Jember Jawa Timur,0331-427085,,,,
Kidea Children Education Center,Yayasan Kasih Kibar Kreasi Indonesia,Pendidikan,Franchise,125jt,Jl.Dewi Sartika No.294 Jakarta,021-8097788,,,,
Little Baghdad,PT Little Baghdad Internusa,F&B,BO,n/a,Jl. Kemang 1/72 Jakarta,021-7181944,,,,
Inpra Perkasa,Inpra Perkasa,Jasa Expedisi,BO,400jt,Graha Candimas Jl. Kalasan 3F.15 Candi Sidoarjo,031-47869376,,,,
The Ivy League,The Ivy League,Pendidikan,Perorangan,60jt,Caveworth Hotel Building Lt.4 Jl. Fatmawati No.74,021-7236134,,,,
Beanstock Coffee and Tea,PT Adi Tata Nusindo,Kedai Kopi,BO,195jt,Bina Sentra Abiyasa Lt.4 Suite 404 & 405 Jl. Gatot Subroto Kav 71-73 Pancoran,021-8305611,,,,
Martabak Alim,Martabak Alim,F&B,Franchise,125jt,Villa Nusa Indah Blok T6 No.1 Bekasi,021-82400147,,,,
Mr Tacoz,CV Wirafood Nusantara,Kuliner Mexico,BO,25-35jt,Unimas Garden Regency Blok D No.10 Sidoarjo,031-8534179,,,,
ILP,PT Intisari Langkah Positif,Pendidikan,Franchise,"700jt-1,2M",Jl.Raya Pasar Minggu No.39ª Jakarta Selatan,021-79192906/021-7905210,,,,
Ayam Goreng Fatmawati,PT Ayam Goreng Fatmawati Indonesia,Fast Food Ayam Goreng,Franchise,Rp. 115jt -Rp. 200jt,Kinanti Investor Office Hotel Salak The Heritage Jl Ir H. Juanda no.8 - Bogor,0251-8347620,,,,
Panangian School of Property (PSP),Panangian Simanungkalit & Associates,Pelatihan & Pendidikan Property,Franchise,400jt,Graha Mandiri LT.26 Jl. Imam Bonjol Kav 61 Jakarta,021-3908308,,,,
Wow Crackers,Wow Food Industry,F&B,BO,"26,5jt",Jl. Janur Asri II Blok QJ 13/16 Kepala Gading Jakarta,021-27225757/021-45854585,,,,
MK Express,PT Megantara Kargo,Jasa Kurir,Franchise,25jt,Jl.Pintu I Senayan Blok B 2nd F1 Room 23. Jakarta,021-70919914,,,,
Rangu,Rangu Quality Food,makanan,Franchise,5jt,Komp. Buana Jaya No.16 RT013/12 Jatimekar Kec. Jatiasih Bekasi,021-99296972,,,,
Um 1,PT Umi Indonesia,Salon Mobil & Motor,Franchise,60-200jt,Ruko Central Onderdil 2 Blok FB No.77-88 Harapan Indonesia Bekasi,021-88980122,,,,
Star Bandrek,PT Liza Herbal International,F&B,Agen,n/a,Jl. Arzimar 3 No.43 Bogor,0251-8350056,,,,
LPIA,LPIA Group,Pendidikan,Franchise,355jt,Jl.Graha LPIA Perkantoran Mall Klender Blok B3 No.16-18 Jl. I Gusti Ngurah Rai Klender Jakarta Timur,021-8604218/021-8608154,,,,
Rumah Snack,Fread & Snack,F&B,BO,250jt,Taman Ratu Indah Blok E No.20 Jakarta,021-5662145,,,,
3D Photo Printing & Painting,PT Gambar Ajaib Indonesia,Photography,BO,35-59jt,Jl.Kelapa Nias Raya Blok GN NO.1-2 Kelapa Gading Jakarta Utara,021-4514539,,,,
Lick Me,PT Synergy Kinetics Indonesia,F&B,Franchise,n/a,Sampoerna Strategic Square Tower B19/7 Jl. Jend. Sudirman kav 45-47 Jakarta,021-5750420/6245094,,,,
Yomart,PT Mitra Yomart Sejati,Retail Minimarket,Franchise,150-450jt,Jl.Jakarta 53 Bandung,022-7230927,,,,
Beef Rush,PT Konsep Citra Rasa Nusantara,F&B,BO,3 Milyar,Taman Duta Mas Blok B8 No.5 Jelambar - Jakarta,021-5675255,,,,
Dressed Laundry,PT Pro Teknologi,Laundry & Cleaning Service,Franchise,please call,"Jl. Senayan Bintaro Blok HJ3 No.2, Sektor IX, Bintaro Jaya, Tangerang - Jakarta",081283066111; 021-91371181 (cp. Dedi Setiadi),,,,
Pota-Potatos,CV Pioni Adya Group,Kentang,Franchise,5jt,Jl. Jinggakartika Kulon No.18 Bandung,022-92699771,,,,
I Can Read,PT Bina Literasi Indonesia,Pendidikan,Franchise,300jt,Ruko Sentra Niaga Blok T2 No.15 Jakarta,021-55794630,,,,
Orchi Chicken,Orchi,F&B,Kemitraan,8-40jt,Jl. Raya Pulo Gebang No.43 Jakarta,021-93489359,,,,
Kinclong Helm,Kinclong Helm,Jasa Laundry Helm,BO,"5-7,5jt",Jl.Nusa Indah Raya A1/56 Taman Cibodas Tangerang,021-93565176,,,,
Warna Warni Children Center,Warna Warni Children Center,Pendidikan,BO,50jt,Jl.Colombo 8 Yogyakarta,0274-551214,,,,
Indo Waffle,UD Suka Cita,F&B,BO,250jt,Jl. Baru Teluk Buyung No.19 Bekasi,021-88962687,,,,
Sanggar Kreativitas Bobo,PT Penerbitan Sarana Bobo,Pendidikan,Franchise,150jt,Ged. Gramedia Jl. Panjang No.8ª Kebon Jeruk Jakarta,021-5330170,,,,
Top Voucher Hotel,Top Tours & Travel,Jasa,Franchise,,Jl.Rajawali 185 Rewin-Waru Sidoarjo,031-8662785/031-71375051,"Rp. 7,5jt",,,
SCUA,Sekolah Catur Utut Adianto,Jasa Pendidikan Kursus Catur,Lisensi,50-75jt,Jl.Siliwangi No.15 Rawa Panjang Bekasi,021-82412452,,,,
CSC Washer,Lion Fortuna,Salon Motor & Helm,Franchise,50-75jt,Ruko Arjuna Square No.7 Jl. Arjuna Utara samping Univ Esa Unggul Pinggir tol Tomang Kebon Jeruk Jakarta,021-95421542,,,,
Rice bowl,PT Ricebowl Indonesia,F&B,Franchise,"1,3M",Ruko Mediterania Kebon Jeruk Jl. Meruya Ilir No.10 jakarta,021-58902665,,,,
Edutimes,PT Forlearn & Edumedia,Pendidikan,Lisensi,n/a,Jl.Komp. Aries Niaga Blok A1-1K Jl. Taman Aries Meruya Utara Jakarta,021-5858863,,,,
Preztissimo Laundry Lab,Preztissimo Laundry Lab,Jasa Peralatan Pakaian,Franchise,175-280jt,Jl.Perumnas Blok A/6C Seturan,0274-8222252,,,,
Klinik Herbal,PT Mahkota Dewa,Herbal & Spa,BO,50jt,Jl.Gaharu AA1 Nyiur Melambai II Rawa Badak Utara KOja,021-4302762/43912313,,,,
Global Art Indonesia,PT Global Indonesia astistika Tunggal,Pendidikan Kreativitas Lukis Anak,Franchise,350-500jt,Karawaci Office Park Blok M Mo.17,021-55794630,,,,
Bornis Studio,CV Borneo Perkasa Kreasindo,Foto Studio,Kemitraan,140jt,Jl.Jend.Sudirman No.4 Tarakan Kalimantan,0551-23906,,,,
Crepes & Coins,PT Bogasari Flour Mills,F&B,BO,"8,5-38jt",Jl. Cilincing No.1 Jakarta,021-43920126/021-43920174 ext 430,,,,
Soyanatura,CV Soyanatura,n/a,BO,n/a,Jl. Paingan III/999 Manguwoharjo Depok Sleman Yogyakarta,0274-9210111/7420911,,,,
TaboeBoe Tahu Bulat Bumbu,CV Sakura Kreasi Mandiri,Perdagangan Umum,BO,2-5jt,Pl. Paledang No.77A Bandung,022-91686130/022-91313745,,,,
Miki Ojisan No Mise,PT Kurnia Mitra Duta Sentusa,F&B,Franchise,n/a,Kawasan Bangunan Multiguna Blok D5 JL MH Thamrin KM7 Paku Alam Serpong Tangerang,021-5398003,,,,
Goodel Coffee & Burger,CV Citra Muda Berlian,F&B,BO,7jt,Jl.Gempol Kramat Watu No.54 Serang Banten,0254-230411,,,,
Super Tela,Genta Group,F&B,Franchise,"4-4,3jt",JL. Empat No.38 RT35 Kelurahan Gunung Samarinda Balikpapan,0542-5617789,,,,
Siomay Menteng,Siomay Menteng,F&B,BO,5-6jt,Pertokoan Pulo Mas Blok 5 No.3 Jl. Perintis Kemerdekaan Jaktim,021-32324267,,,,
Mesin Laundry Com,CV Mandiri Lintas Cakrawala,Mesin Laundry,BO,39jt,Jl.Damai II No.3 Mampang Pancoran Mas Depok,021-77200069,,,,
Citra,CV Citra Asri Karya Mandiri,Retail Counter HP,BO,Rp. 2 jt,Jl.KH Hasyim Ashari No.1 Laterban Nganjuk Jawa Timur,0358-554146,,,,
E.nopi Math & English,PT Daekyo Indonesia,Bimbel,Franchise,400-500jt,Menara Global Jl. Gatot Subroto Kav.27 Jakarta,021-52920911,,,,
Bakso Buntut,CV HWK Media Utama,F&B,BO,Rp. 12jt,Kadin Bandung Business Center Jl. Telaga Bodas No.31 Bandung,022-91930550,,,,
Ayam Goreng Bakar Chichi,Ayam Goreng Bakar Chichi,Makanan,BO,125jt,Jl Duku 1 BC.38 Pondok Chandra Sidoarjo - Surabaya,031-8670276,,,,
Anis Bakery,CV. Netsia,F&B,Franchise,60jt,Jl. Langsep Raya no.32 Jember Jawa Timur,0331-427085,,,,
Teh Mesir Mummy,The Mesir the mummy,Minuman,Franchise,"3,5jt",Jl. Masjid Al-Hoirot No.2 RT15/3 Jakarta,021-68756475,,,,
Suga Food Fried Chicken,Suga Food Indonesia,F&B,BO,20-99jt,Ruko Villa Nusa Indah 2 Blok S8 No.21 Bekasi,021-84990220,,,,
Pecel Pincuk Madiun Srimping,Pecel Pincuk Madiun Srimping,F&B,BO,20-30jt,Komp. Bulog Yanatera 14 No.28 Jatowarna Pondok Gede Bekasi,021-93846527,,,,
Mie Ayam Abadi Serpong,Mie Ayam Abadi Serpong,F&B,kemitraan,n/a,Jl. Raya Serpong No.5 Jakarta,021-5375935,,,,
Lebanese Kebab,Lebanese Kebab,F&B,BO,15-35jt,Jl. Gampit 1 Pondok Gede Jatiwaringin,021-84971542,,,,
Chubby Burger,PT Sacca Prima Axinsindo,F&B,BO,55jt,Jl. Ciawi II No.15 Kebayoran Baru Jakarta Selatan,021-7232873,,,,
TX Travel,PT Jakarta Express Utama,Travel,Franchise,Rp. 400jt,Komp. Ruko Atap Merah Blok D No.10-11 Jl. Pecenongan No.72 Jakarta,021-3809999,,,,
Martabak Mumbai,CV Boga Nusa Jaya,F&B,BO,9jt,Regency Kuda 2B-16 Jagit Wonokromo Surabaya,031-71618111,,,,
JMC Jamur Crispy,Focus Insan Mandiri,Produk olahan dan pembibitan jamur,Franchise,8jt,Perum Griya Pring Gading Permai Blok D3-4 Kembang Putihan Guwosari Pjangan Bantul Yogyakarta,0274-6686592,,,,
Sajadah Ceria,Sajadah Ceria,Sajadah/Kaos Baju Anak,Keagenan,Rp. 500rb,Pondok Manggala A2 No.16 Surabaya,031-7662030,,,,
Digikidz,PR Digikids Indonesia,Kursus Multimedia Computer Learning Center,Frachise/License,250-300jt,Ruko BSD Sektor IV Blok RD/69 BSD City Tangerang,021-5371163,,,,
Singkong Keju Katrocker,PT Karunia,Makanan,Franchise,10-20jt,Jl. Pahlawan No.8A Banjarmasin,0511-7640737,,,,
Iiuvitz Collection,IIuvitz Collection,Fashion & Craft,Kemitraan,Rp. 20jt,Jl.Palatehan Kidul No.18 RT 022/05 Kel.Patehan Kec.Kraton Yogyakarta 55133,0274-379072,,,,
Kebab Turki Baba Rafi,PT Babarafi Indonesia,Kebab,Franchise,55-105jt,Ruko Manyar Garden Regency Kav.29-30 Jl. Nginden Semolo 109 Surabaya,031-5999975,,,,
Kidea Children Education Center,Yayasan Kasih Kibar Kreasi Indonesia,Pendidikan,Franchise,125jt,Jl.Dewi Sartika No.294 Jakarta,021-8097788,,,,
Bale Bale,PT Balai Mitra Usaha,Textile,BO,Rp. 50jt,Jl.Jatiwaringin Raya No.9 Pangkalan Jati Jakarta,021-8696815/93811992,,,,
Indomaret,PT Indomarco Prismatama,Retail Minimarket,Franchise,300-350jt,Jl.Ancol 1 No.9-10 Ancol Barat Jakarta,021-6919710-12,,,,
Bakmi Alim Rayanya Mie Herbal,Bakmi Alim Rajanya Mie Herbal,F&B,Franchise,n/a,Vila Nusa Indah Blok T6 No.1 Bekasi,021-82400147,,,,
Gembinet,Gembinet,Internet Game Center,BO,30-350jt,Rukan Tanjung Mas Raya B1 No.39 Tanjung Barat Jakarta Selatan,021-78834405,,,,
Buana Burger,PT Chandra Buana Surya Semesta,Burger,BO,"3,5-7,5jt",Jl. Tipar Cakung KM 0.6 No.49 Jakarta,021-70709437,,,,
Ulir Kriuk Kentang Crispy Spiral,Ulir Kriuk Kentang Crispy Spiral,Makanan,Franchise,10jt,Serdan Asri 3 Blok R15 No.30 Citra Raya Tangerang,021-70506226,,,,
Red Grill,Pt Choice Plus Indonesia,F&B,Franchise,n/a,Jl. Nuri IV/2 Sambengan Manahan Solo,0271-714160,,,,
I Can Read,PT Bina Literasi Indonesia,Pendidikan,Franchise,300jt,Ruko Sentra Niaga Blok T2 No.15 Jakarta,021-55794630,,,,
Saqinah,Saqinah,Ritel Fashion,BO,Rp. 200jt,Jl.Duren Tiga Raya No.16 Jakarta,021-79176862,,,,
Bubur Bayi,PT Hasanah Media Educomindo,Makanan,BO,"5-7,5jt",Ciledug Indah Kota Tangerang Blok E29/17 Ciledug,021-7351186/70914588,,,,
House of Ristra,PT Ristra House,Klinik Kecantikan,Franhise,200jt-1M,Jl.Radio Dalam Raya No.5 Kebayoran Baru Jakarta Selatan,021-72786117/7395207,,,,
Mie Ayam Abadi Serpong,Mie Ayam Abadi Serpong,F&B,kemitraan,n/a,Jl. Raya Serpong No.5 Jakarta,021-5375935,,,,
Pastel Tasty,Pastel Tasty,F&B,BO,40-50jt,Jl. Karet Pasar Baru Barat VIII/10 Karet Tengsin Sudirman - Jakarta,021-70891972/021-70771972,,,,
Mahligai Samara,Mahligai Samara,F&B,BO,500jt,Jl. Pemuda IV RT 012 /03 No. 12 Rawamangun Jakarta,021-47867412,,,,
Galare Ice Cream,PT Asia Prima Internasional,Dessert Cafe,Franchise,400-700jt,Jl. Jembatan Tiga No.36 CH - Jakarta,021-6616377,,,,
Double Dipps,PT Sinar Harapan Abadi,F&B,BO,80-275jt,Business Park Kebon Jeruk Blok F1 No.6-7 Jl. Meruya Ilir No.88 Jakarta Barat,021-30067875-76,,,,
Mini Cafe Ellina Resto,CV Ellino Group,F&B,BO,55jt,Deni Kerto RT01/07 Saroharjo ngalik Sleman Jogyakarta,0274-7145900,,,,
Mr Pea,PT Gempita Muda Indonesia,F&B,Franchise,5jt,Jl. RM Kahfi 1 No.33 Ciganjur Jakarta 12630,021-27444555,,,,
Es Walikota,PT Masharindo Utama Mandiri,F&B,BO,"9,8-24jt",Jl. Grogol 01/05 Magelang Kaliwungu Selatan Kendal,024-70357858,,,,
Binus Center,PT Prima Cipta Nusantara,Pendidikan,Franchise,n/a,Jl.KH Syahdan No.20 Kemanggisan Palmerah Jakarta Barat,021-5345830/5322157,,,,
Aqualis Fabricare,Aqualis Fabricare,Laundry,Franchise,550-800jt,Jl.Tebet Raya No.11M Tebet Jakarta,021-7402525,,,,
King Auto Interior,PT Intimex INternasional,Automotive,Franchise,210-510jt,Jl.Jend Sudirman No.781-785 Bandung,022-6034288,,,,
Melia Laundry,PT Melia Pilar Utama,Laundry,Franchise,"39,5-140jt",Jl.Sengon No.1 Janti Yogyakarta,0274-7474413,,,,
Bebek Bengil,PT Tri Boga Bersama,Restaurant,Kemitraan,n/a,Jl. H. Agus Salim no.132 Menteng Jakarta,021-3918091/3917965,,,,
Java Steak,Nareswari Group,F&B,Franchise,30-60jt,Jl. Yogyakarta KM4 Merto Yudan Magelang,0293-5557681,,,,
Busana Muslim Attaqi,Busana Muslim Attaqi,Fashion Retail,Keagenan,"Rp. 1,5jt",Jl.Mulyosari Tengah 8 No.2ª Surabaya,031-60106556,,,,
Kue Mulut,Kue Mulut,Makanan kue,Franchise,10-18jt,Villa Melati Mas Regency Blok H3 No.1 Serpong Tangerang,n/a,,,,
Martabak Alim,Martabak Alim,F&B,Franchise,125jt,Villa Nusa Indah Blok T6 No.1 Bekasi,021-82400147,,,,
Jamur Crispy,CV HWK Media Utama,F&B,BO,5-7 jt,Kadin Bandung Bisnis Center Jl. Telaga Bodas 31 Bandung,022-91930550,,,,
De Boliva,PT Boliva,F&B,Franchise,100-600jt,Jl. Dharmahusada Utara I/6 Surabaya,031-5963202,,,,
Sushi Rock & Roll,CV Sri,F&B,BO,55jt,Jl. Penerbangan Blok C NO.9 Komp. Dept. Penerangan-Pesanggrahan Jakarta,021-7992407,,,,
Kedai Digital,CV Kedai Kreasi Digital,Digital Printing,BO,n/a,Jl.Gambir NO.6 Deresan Yogyakarta,0274-7480080,,,,
RPX,PT Antareja Prima Antaran,Jasa Kurir,BO,8jt,Gd. RPX Center Jl. Ciputat Raya kav 99 Pd. Pinang lt.7 Jakarta,021-75901800,,,,
Kebab Kings,Kebab Kings Group,F&B,BO,45-60jt,Pondok Maritim Indah Blok QQ No.15 Kebraon Surabaya,031-72377222,,,,
Black Canyon Coffee Indonesia,PT Boga Citra Cemerlang,Resto & Cafe,Franchise,"2,5 Milyar",Jl. Danau Bratan Raya No.12 Taman Griya Jimbaran Bali,0361-7807929,,,,
Panorama World,PT Tirta Putra Wisata,Tour & Travel,Franchise,Rp. 500jt,Panorama building 5th Floor Jl. Tomang raya No. 63 Jakarta,021-25565000,,,,
Dante Coffee,PT Kurnia Mitra Duta Sentosa,F&B,Franchise,n/a,Kawasan Bangunan Multiguna Blok D5 Jl. MH Thamrin Km7 Paku Alam Serpong Tangerang,021-5398003,,,,
Miracle Aesthatic Clinic,Miracle Aesthatic Clinic,Klinik Kecantikan,Franchise,n/a,Jl.MH Thamrin 40 Surabaya,031-5663939/5616668,,,,
Bakmi Orange,Bakmi Orange,F&B,Kemitraan,"Rp.7,5jt",Jl. Ciasem Ujung No.4 Depok Timur,0818-06700600,,,,
Ummi Klinlaundry & Dry Clean,CV Ummi Bizz Center,Laundry,BO,15jt,Jl. Pondok Kelapa 12 Blok F5 No.21 RT07/11 Jakarta,021-93710483,,,,
Soto Ayam Kampung Surabaya ’Jolali’,Soto Ayam Kampung Suraba ’Jolali’,F&B,BO,20-30jt,Komp. Bulog Jl. Yanatera 16 No.4 BEkasi,021-93846527,,,,
Anin Rumah Batik,Anin Ruma Batik,Pakaian,BO,2jt,Komplek Bojong Menteng B/300 Rawalumbu Bekasi,021-3908386,,,,
Body Protector,Body Protector,Produsen Jaket Motor,Kemitraan,n/a,Jl.Anggrek Garuda Blok D1 No.19 Kemanggisan Jakarta,021-70920005,,,,
IKKI Sushi,IKKI Group,F&B,BO,70jt,Taman Bougenville Estate Jl. Bouhinia III Blok F1/3 Caman Bekasi,021-8645865,,,,
Ice Berry,PT Izzati Kita Indonesia,Juice,Franchise,5jt,Perum Bojong Depok Baru II Blok CU No.3 Cibinong,021-8756041,,,,
Jamur Crunchy,Jamur Crunchy,F&B,BO,n/a,Keputih Tegal Timur No.42-44 Sukolilo Surabaya,031-71506482/0856-3285660,,,,
Viobrano,Viobrano,Pembuatan Logo & PErcetakan,Perorangan,250jt,Jl.Gunung Sahari Indah Y2I - Surabaya,031-767468,,,,
Softcase Laptop Icainu,Icainu,Kerajinan Usaha Aksesoris Komputer,BO,Rp. 5jt,Perumahan Barata Jl. Barata tama II No.143 Kec.Karang Tengah Kel.Ciledug Tangerang,0856-8555152/021-99552815,,,,
Campina Scoop Counter,PT Campina Ice Cream Industry,Ice Cream,BO,n/a,Jl. Raya Duri Kosambi No.12 Cengkareng Jakarta,021-5414141,,,,
Sanggar Kreativitas Bobo,PT Penerbitan Sarana Bobo,Pendidikan,Franchise,150jt,Ged. Gramedia Jl. Panjang No.8ª Kebon Jeruk Jakarta,021-5330170,,,,
Supermap,PT Master Centranusa Cemerlang,Jasa Pendidikan Learning Center,BO,100-300jt,Jl.Surya Kencana No.910 Pamulang Tangerang,021-7499203,,,,
Mr.B & Mr Burger,PT Gempita Indonesia Muda,F&B,Franchise,100jt-2M,Jl. RM Kahfi 1 No.33 Ciganjur Jakarta 12630,021-27444555,,,,
Moissani,PT Multi Gemma Lestari,Perhiasan,Licence,Rp. n/a,Puri Imperium LG 32 Jl. Kuningan Madya kav 5-6 Jakarta,021-83793398,,,,
Super Bimbel GSC,PT Gema Sukses Cemerlang,Bimbel,Franchise,350-400jt,Jl.R. Sukamto No.3150-3151 Palembang,0711-821514,,,,
3 to 6 Childhood Education Center,PT Inti Sari Langkah Positif,Pendidikan,Franchise,300-350jt,Jl.Raya Pasar Minggu No.39ª Jakarta Selatan,021-79192906,,,,
Lesehan Alam Sejuk,CV Imam Brothers,F&B,BO,n/a,Jl. Terusan Kapten Halim No.38 Jl. Raya Wanayasa Pondok Salam Purwakarta,0264-8223517,,,,
Tahu Ikan Tuna,K Food,F&B,BO,"2,5jt",Jl. Diponegoro No.12 Jetis Ponorogo Jawa Timur,0813-35668077,,,,
Ayam Bakar Mas Mono,PT Panen Raya Indonesia,Makanan,Franchise,500jt,JL. Cemara 3 no.4-5 Pangkalan Jati Pondok Labu – Jakarta,021-7660487,,,,
Nasi Bakar Ku Suka,CV Indo Nusantara,F&B,BO,7jt,Jl. Ki Hajar Dewantara 12D Jombang Jawa Timur,N/A,,,,
Sajadah Ceria,Sajadah Ceria,Sajadah/Kaos Baju Anak,Keagenan,Rp. 500rb,Pondok Manggala A2 No.16 Surabaya,031-7662030,,,,
Parpica Arena Bermain Keluarga,PT Adimas Tristar Abadi,Entertainment,BO,n/a,Pusat Grosir Cililitan (PGC-2) Lt.3A no.630 Jl. Mayjen Sutoyo no.76 Jakarta,021-30019800,,,,
Mie Hezo,RM Mie Tega Lega,F&B,Franchise,"6,5jt",Jl. Raya Barat No. 607-609 Cimahi Bandung,022-6632161,,,,
Digitallapan,PT Mampang 8 Cipta Karya,Souvenir Merchandise,BO,75jt,Jl.Mampang Prapatan VIII No.62 Jakarta Selatan,021-79182289,,,,
Cendol Gading,CV Gading Mas,F&B,BO,"2,5jt",H. Zein No.26 Rawamangun,021-47861268,,,,
Martabak House,Martabak House,Resto/Cafe,BO,150jt,Jl. Seturan (dpn SD Budi Mulya) Sleman Yogyakarta/Jl. Kusuma Wardani No.9-11 Semarang,0274-9237261/024-70117206,,,,
Bebek Goreng Mbah Wongso,CV Inti Cipta Pangan,F&B,Franchise,n/a,Jl. Solo KM4 Condong Catur Tunggal Depok - Yogjakarta,0274-486878,,,,
Balon Udara,Balon Udara Franchise Shop,F&B,Franchise,n/a,Jl. Dr Makaliwe I/9 grogol Jakarta Barat 11450,021-5636838,,,,
Internusa,Lembaga Pendidikan Internusa,Pendidikan Komputer,Lisensi,75-250jt,Jl.Waru Raya No.28 Rawamangun Jakarta,021-47882155,,,,
PRAXIS IQ,PT Praxis Indonesia,IT Training Center,BO,300-600jt,Menara Rafindo Lt.10 Jl. Kebon Sirih Kav 75,021-44306999/3909802,,,,
Brain Child Learning Indonesia,PT Brain Child Indonesia,Pendidikan,License,150-250jt,Jl. Tampak Siring Blok KJG No.12 Komplek Daan Mogot Baru,021-54372496,,,,
Aleyda Spa,PT FAW Activation Indonesia,Spa,Franchise,150jt,Jl.Cikatomas No.9 Jakarta,0817-179543,,,,
Bakso Keju,PT Bakso Keju Malang,F&B,Franchise,30-35jt,Jl.Lokon No.4 - Malang,0812-3239725,,,,
X-Fill Refill Center,PT X-Fill Indonesia,Tinta,BO,210jt,Komp. Griya Inti Sentosa Jl. Griya Agung No.2 Sunter Agung Jakarta,021-6401552,,,,
Wedang Wayang,CV Duta Kencana,F&B,Franchise,5jt,Jl. Soragan 106 Jogyakarta,0274-625082,,,,
Klinik Herbal,PT Mahkota Dewa,Herbal & Spa,BO,50jt,Jl.Gaharu AA1 Nyiur Melambai II Rawa Badak Utara KOja,021-4302762/43912313,,,,
Alfamart,PT Sumber Alfaria Trijaya,Retail Minimarket,Franchise,n/a,Jl.MH Thamrin No.9 Cikokol Tangerang,021-55755966,,,,
Martabak Mumbai,CV Boga Nusa Jaya,F&B,BO,9jt,Regency Kuda 2B-16 Jagit Wonokromo Surabaya,031-71618111,,,,
Soccer Ice Cream,PT Raja Asia Iboga,F&B,Lisensi,75-90jt,Gedung Talavera Lt.28 JL. TB Simatupang No.22-26 Jakarta 12430,021-75999927,,,,
Indo Waffle,UD Suka Cita,F&B,BO,250jt,Jl. Baru Teluk Buyung No.19 Bekasi,021-88962687,,,,
Ayam Goreng Mbok Berek Ny Umi,PT Weiling Simba Wulung,F&B,Franchise,400jt,Jl. Prof Dr. Sutomo SH.14 Jakarta,021-8312921,,,,
Bola Ubi Madoo,Bola Ubi Madoo,F&B,BO,15jt,Jl. A. Yani No.26 Tangerang,0812-81635500/021-83333455,,,,
Rangu,Rangu Quality Food,makanan,Franchise,5jt,Komp. Buana Jaya No.16 RT013/12 Jatimekar Kec. Jatiasih Bekasi,021-99296972,,,,
Tiramizzu,Tiramizzu,F&B,BO,2jt,Jl. Keputih Permai Blok 3B No.4 Sukolilo Surabaya,0838-98285781,,,,
Martabak Tela,Homy Group,F&B,Franchise,n/a,Jl. Bugisan 36 Jogyakarta,0274-7499911,,,,
Iwata Tours & Travel,PT Iwata Nusantara,Tour & Travel,Franchise,Rp. 380jt,Jl.Sultan Agung No.58 Delta Manggarai Jakarta,021-83700245,,,,
FOX,PT Putra Dwi Mukti,Penjualan Sepatu Hujan,BO,Rp. 30-50jt,Jl.Cikuputera 115A Bandung,022-2504666,,,,
Ester House of Beauty,Ester House of Beauty,Klinik Perawatan Kulit,Franchise,600jt-1M,Jl.WR Supratman 22 Surabaya,031-5618267/031-7343074,,,,
Same Same Clothing,Same Same Clothing,Distro,BO,Rp. 30jt,Jl.Banyak Endah No.17 Kota Baru Parahyangan Bandung,0818-809692/0818-208344,,,,
IEXP,Inter Expedisi,Business Service,Franchise,35jt,Gd. Perkantoran Pulomas I G2 Lt.3 Jl. A.Yani No.2 Jakarta,021-47869376,,,,
Spot Bordir Franchise,JPG Technology,n/a,BO,"12,5-200jt",Jl.Pondok Mas Raya Ruko No.12-28 Baros Cimahi Bandung,022-662986,,,,
Master Toner,PT Master Ssentra Nusa Cemerlang,Refill Tinta Toner & Service Komputer,Franchise,50-350jt,Jl.Surya Kencana No.9-10 Pamulang Tangerang Selatan Banten,n/a,,,,
Billie Chick,PT Billie Chick Indonesia,F&B Bakery,BO,n/a,Taman Ratu Indah Blok B4 no.26 Kedoya-Jakarta,021-56957878/56958214,,,,
Tela tela Fried Cassava,CV Effa Indoboga,Makanan,Franchise,5-7jt,Jl. Tambak Bayan III No.12 Yogyakarta,0274-4853566,,,,
Smart Science,Warna Warni Children Center,Pendidikan,Franchise,15jt,Jl.Colombo 8 Samirano baru Jogjakarta,0274-561089,,,,
Kebab Kings,Kebab Kings Group,F&B,BO,45-60jt,Pondok Maritim Indah Blok QQ No.15 Kebraon Surabaya,031-72377222,,,,
Fruit Coffee Ala’din,Fruit Coffee Ala’din,F&B,Franchise,"7,5jt",Jl. Cibodas Baru No.13 Antapani - Bandung,022-92718835/92718836,,,,
MER Furniture Center,PT Garant Mobel Indonesia,Franchise Furniture,Franchise,Rp. 500jt,Jl.Roda Pembangunan No.28 Kadang Roda Naggewer Cibinong Bogor,0251-8652211,,,,
Kebab Madina,Kebab Madina,Makanan,BO,10-25jt,Perum Pesona Salsabila Blok F1 Jl. Wates KM9 Parengdawe Balecatur Gamping asleman Yogyakarta,0274-6648661,,,,
Ummi Klinlaundry & Dry Clean,CV Ummi Bizz Center,Laundry,BO,15jt,Jl. Pondok Kelapa 12 Blok F5 No.21 RT07/11 Jakarta,021-93710483,,,,
Julia Jewelery,PT Sumberkreasi Cipta Logam,PErhiasan,Franchise,n/a,Jl.I Gusti Ngurah Rai No.1 Jakarata,021-8199280,,,,
Chicken and Shake,Ambarukno F&B Service,Fast Food,BO,75-300jt,Ambarukmo Regency 2 No.C1 Depok Sleman Yogyakarta,0274-6556800/489200,,,,
Franchise Syariah Umiku,CV Cinta Umiku,"Usaha makanan, crepes, burger, fried chicken",Franchise,"6,5-15jt","Jl. Inpres Raya Gg. Nangka No.36 Kelurahan Tengah Kramat Jati, Jakarta",021-50425106,,,,
Tiara Distro,Tiara Corporation,Fashion Muslimah,BO,Rp. 35 jt,Braga Plaza Jl. Braga Blok A6 No.5-11 Bandung,022-92535753,,,,
Speed Laundry,PT Lavatrisi Mandiri,Laundry,Perorangan,23-50jt,JL Rajawali Raya Kemayoran Jakarta,021-64715246,,,,
Raja Bebek Bakar,Raja Bebek Bakar,"Resto, Rumah Makan dan Warung Kaki Lima",Franchise,10-15jt,Jl. H. Mencong Gg. Ahmad Mo.79 RT02/13 Penggilingan Timur Ciledug Tangerang Banten,021-71097816,,,,
Yomart,PT Mitra Yomart Sejati,Retail Minimarket,Franchise,150-450jt,Jl.Jakarta 53 Bandung,022-7230927,,,,
Tela KING,CV Putrajaya,Makanan Siap Saji,Franchise,6jt,Jl. Bung Hatta No.28 Mataram Lombok,0370-626780/643728,,,,
Star Pizza,CV San Food Indonesia,F&B,BO,5-25jt,Jl. Candi Tembaga Selatan No.9 Perum Pasadena Semarang,024-7606272,,,,
Roti Boy,PT Roti Boy Bakes Indonesia,F&B,Franchise,n/a,Mall Taman Anggrek Ground Floor E1 Jl. S. Parman Jakarta,021-5639993,,,,
Kopi Thok,CV Ripras Makmur Abadi,Minuman,BO,"6,5jt",Jl. Dukuh Kumpang Barat 10 No.4 Surabaya,031-71479810,,,,
Bakso Cak’Di,Perorangan,F&B,BO,7.5jt,Jl. Medokan Ayu 1/H.10 Surabaya,0815-53010055,,,,
Sajadah Ceria,Sajadah Ceria,Sajadah/Kaos Baju Anak,Keagenan,Rp. 500rb,Pondok Manggala A2 No.16 Surabaya,031-7662030,,,,
Cepy ATL,Cepy ATL,F&B,BO,8-75jt,Jl.Propelat Raya No.1 – Bandung,022-7514450,,,,
Bakso Kepala Sapi,PT MM Food and BV,F&B,Franchise,n/a,Mananggal V/4 - Surabaya,031-8283474,,,,
Tofuku Tahu Krispi,CV Tofuku Mitra Indonesia,Makanan,BO,"5,5jt",Jl. Wonorejo Indah Timur Gg.7 No.1A Surabaya,031-8792341/72605605,,,,
Doremi Pizza,CV Nusaboga Indonesia,Makanan,Franchise,20-80jt,Jl. Nusantara IV BD 23 Wisma Tropoda Waru - Sidoarjo,031-77293070,,,,
Nino Bland,CV Ellino Group,F&B,BO,6 jt,Deni Kerto RT01/07 Sariharjo ngalik Sleman Yogjakarta,0274-7145900,,,,
Eco Printlution,PT EPL,Printing,BO,n/a,Jl.Ngagel Madya I No.21,031-5016088,,,,
Lick Me,PT Synergy Kinetics Indonesia,F&B,Franchise,n/a,Sampoerna Strategic Square Tower B19/7 Jl. Jend. Sudirman kav 45-47 Jakarta,021-5750420/6245094,,,,
Jogya English Dormitory,CV Jogya English Dormitory,Jasa Pendidikan Bahasa Inggris,Franchise,100-120jt,Jl.Nogorojo No.9 Gowok - Yogyakarta,0274-6588819,,,,
Es Cendol Gading,CV Sukses Group,F&B,BO,"5-7,5jt",Jl.H Ten No.26 Rawamangun Jakarta,021-47861268,,,,
Campina Scoop Counter,PT Campina Ice Cream Industry,Ice Cream,BO,n/a,Jl. Raya Duri Kosambi No.12 Cengkareng Jakarta,021-5414141,,,,
TIKI,CV Titipan Kilat,Jasa Pengiriman,Agen,n/a,Jl.Tomang Raya No.11 Jakarta,021-5665262,,,,
Sekolah Global Mandiri,Sekolah Global Mandiri,Pendidikan,Franchise,2-60 Milyar,Legenda Wisata Jl. Alternatif Trans Yogi Km 6 Cibubur,021-82496200/6300,,,,
Ayam Goreng Tulang Lunak Hayam Wuruk,PT Panen Jaya Bersama,F&B,Franchise,800jt-1milyar,Jl. Greenville Blok A2 no.2,021-6969055,,,,
Corner Kebab,CV Universal Info Excomindo,F&B,Franchise,15-20jt,Komp. Ruko Ogie Plaza Blok A/02 Jl. Siliwangi No.8 Pondok Benda Pamulang Tangerang Banten,021-7493969/91309309,,,,
Extra Qilo Laundry,CV Mamabros Servicindo,Laundry,Franchise,35-45jt,Komp. Pertokoan Taman Buana Indah Blok B13 No.6 Batam,0778-426244,,,,
TBI (The British Institute),PT Titian Buana Ilmu,Pendidikan,Franchise,"1,5-2M",Menara Kuningan Jl. HR Rasuna Said Blok X-7 Kav.5 Jakarta Selatan,021-30027989,,,,
Chinatoast Kopi Tiam,Chinatoast Kopi Tiam,F&B,BO,90jt,Internasional Ferry Terminal Batam Center B2 No.12,0778-9131888,,,,
Asia Martabak Jepang,PT Asia Sunrise Indo,F&B,Franchise,Rp. 10jt - Rp. 80jt,Jl. Merkuri no.17 - Bandung,022-7561868,,,,
Roti Mariam Jameela,CV Ripras Makmur Abadi,F&B,BO,7 jt,Jl. Dukuh Kumpang Barat 10 No.4 Surabaya,031-71479810,,,,
LBB Youcan,Media Nusantara,Pendidikan & Pelatihan,BO,10jt,Jl.Kejawaan Gebang IX/5 Surabaya,031-5312917,,,,
Express Crepes & Corn,Express Food,F&B,Franchise,n/a,Griya Depok Asri A2/8 Depok,021-7707410,,,,
Da’im Donut,Da’im Donut,F&B,BO,n/a,Jl. Kaliurang KM10 Gondangan Ngalik – Jogjakarta,0274-3042288,,,,
Krisana Tea House,Krisana Tea House,F&B,Franchise,"5,5-15jt",Jl.GM Situt No.58 Singkawang Kalimantan Barat,0562-631497,,,,
Bobby Steak,PT Sushantco Indonesia,F&B,Franchise,207-347jt,Jl. Tanjung Duren Utara No.464 Grogol Petamburan – Jakarta,021-5670081,,,,
Paparon’s Pizza,PT Entertainment International Tbk,F&B,Franchise,n/a,Pondok Pinang Center Blok C46-48 Jl. Ciputat Raya Jakarta 12310,021-75915031,,,,
Carroza,Sumara Cemerlang,Manufacturing,Franchise,138jt,Jl.Nusantara Timur Kav D45 Sunter Jakarta,021-65832211,,,,
Juragan Tebu,CV Putra Jawa Indonesia,minuman tebu,Franchise,12-35jt,Jl. Gunung Rinjani 2 No.70 Perumnas Cirebon,0231-333112,,,,
Royal Crepes,CV Tiga Bintang Sejati,Crepes,Franchise,"6,5-12jt",Jl. Taman Holif Indah F3 No.4 Bandung,022-6070481,,,,
Kursus 3A,PT Asih Asah Asuh,Pendidikan,Franchise,27jt,Jl.Colombo 8 Samirano Baru Jogjakarta,0274-561089,,,,
Soto Abas,Soto Abas Indonesia,F&B,Franchise,50jt,JL. Rajawali No.123 Perumahan Rewin Sidoarjo,021-71015661,,,,
Qindy Academy,PT Qindy Academy,Home Schooling & Pengembangan SDM,Franchise & BO,100jt,Jl.Aru PD7 Nusantara BSD Sektor 14.6,021-70774639,,,,
Pota-Potatos,CV Pioni Adya Group,Kentang,Franchise,5jt,Jl. Jinggakartika Kulon No.18 Bandung,022-92699771,,,,
Cireng Isi Kodjo,CV Sakura Kreasi Mandiri,Perdagangan Umum,BO,"1,5-10jt",Jl.Paledang No.77a Bandung,022-91686130,,,,
Bakso Franchise Putra Solo,bakso Franchise Dutra Solo,F&B,Franchise,20-80jt,Jl. Ahmad yani Utara No.6 Denpasar,0361-8442482,,,,
Mie Ayam Abadi Serpong,Mie Ayam Abadi Serpong,F&B,kemitraan,n/a,Jl. Raya Serpong No.5 Jakarta,021-5375935,,,,
Speak 2 Succes Language Center,Speak 2 Succes INC,Jasa Pendidikan dan Layanan Bahasa,Franchise,150-200jt,Cilandak Indah Kota Tangerang Blok E29/17 Ciledug,021-7351186/70914588,,,,
Mia Laundry,CV Mia Rasyondo Utama,Laundry,BO,70jt,Jl.Bintara Gerbang PT IKPP Km 4 Perawang Riau,0761-7672342,,,,
Pisang Goreng Planet Krispy Kreme,Pisang Goreng Planet Krispy Kreme,F&B,Franchise,n/a,Jl. Babarsari No.23 BBC Plaza Yogjakarta,0274-497694,,,,
Clup Clup,PT Raya Waralaba,Makanan Cepat Saji,Franchise,25jt,Komp. Perkantoran Ruko Bumi Satria Kencana Blok B No.4 Jl. Raya Kalimalang Bekasi,021-88952042,,,,
My Way Steak,My Way Steak,F&B,BO,25jt,Jl. Pemuda No.17 Jakarta,021-47864428,,,,
Natrabu Minang Restaurant,PT Natrabu Indah Agung,F&B,Franchise,300jt,Jl. Agus Salim No.29A Jakarta,021-3907783,,,,
Lutuye Salon,PT Lutuye Indonesia,Salon Kecantikan,N/A,N/A,Wisma BCA 1 LT.9 Jend. Sudirman Kav 22-23 Setiabudi Jakarta,021-5712124/5712598,,,,
Roti Boy,PT Roti Boy Bakes Indonesia,F&B,Franchise,n/a,Mall Taman Anggrek Ground Floor E1 Jl. S. Parman Jakarta,021-5639993,,,,
ESL Express,PT Eka Sari Lorena,Jasa Pengiriman express kurir & kargo service,BO,15-20jt,Jl.RA Kartini No.16 Cilandak Jakarta,021-75910023/7506655,,,,
Little Annie Yogurt,CV HWK Media Utama,F&B,BO,"8,8-15jt",Kadin Bandung Business Center Jl. Telaga Bodas No.31 Bandung,022-91930550,,,,
GAFA,GAFA,Kursus Baca Tulis,Kemitraan,33 jt,Jl.Tebet Barat Dalam No.76ª Tebet Jakarta,021-83705977,,,,
Naka Michi,PT Danu Muri Hardika,Car Audio,Franchise,n/a,Jl.Ciputat Raya No.19-8 Jakarta,021-7698460,,,,
Warung Bakso Mandiri,PT Nugroho Ardanareswari,F&B,BO,7jt,Jl. Kebon Pedes No.58 Bogor,0251-8376809,,,,
Bikemart,Taman Nusantara Motor,Distribusi Spare Parts & Variasi Sepeda Motor,Grosir,n/a,Jl.S Parman No.206 Purwokerto 53141,0281-9288866,,,,
Suga Food Fried Chicken,Suga Food Indonesia,F&B,BO,20-99jt,Ruko Villa Nusa Indah 2 Blok S8 No.21 Bekasi,021-84990220,,,,
X-Fill Refill Center,PT X-Fill Indonesia,Tinta,BO,210jt,Komp. Griya Inti Sentosa Jl. Griya Agung No.2 Sunter Agung Jakarta,021-6401552,,,,
Martha Tilaar Salon Day Spa,PT Cantika Puspa Pesona,Salon & Spa,Franchise,"1,5 Milyar",Jl.Pulokambing II No.1 Kawasan Industri Pulogadung - Jakarta,"021-4603717 ext 816,817,819",,,,
Laundry Indonesia Com,Laundry Indonesia Com,Jasa Laundry,Franchise,90jt,Jl.Radar Auri No.48 Ruko Mahetan Cimanggis Depok,021-98281810,,,,
Melia Laundry,PT Melia Pilar Utama,Laundry,Franchise,"39,5-140jt",Jl.Sengon No.1 Janti Yogyakarta,0274-7474413,,,,
Blueray Shop,Blueray Technology,Elektronik,Mitra,15-29jt,Jl.Ruko Mangga Dua Square Blok E30 Jl. Gunung Sahari Raya,021-62318488,,,,
